2025-06-15 18:20:32,651 | INFO     | pipeline | Загрузка и подготовка данных: 1.44 сек
2025-06-15 18:20:33,157 | INFO     | pipeline | Проверка эмбеддингов: sbert_nlu
2025-06-15 18:20:34,497 | INFO     | sentence_transformers.SentenceTransformer | Load pretrained SentenceTransformer: ai-forever/sbert_large_nlu_ru
2025-06-15 18:22:15,856 | INFO     | pipeline | Эмбеддинги SentenceTransformer: 102.70 сек
2025-06-15 18:22:15,863 | INFO     | sentence_transformers.SentenceTransformer | Load pretrained SentenceTransformer: ai-forever/sbert_large_nlu_ru
2025-06-15 18:22:45,739 | INFO     | pipeline | Эмбеддинги SentenceTransformer: 29.88 сек
2025-06-15 18:22:45,846 | INFO     | pipeline | Проверка классификатора: logreg_tuned
2025-06-15 18:24:39,439 | INFO     | pipeline | Оптимизация классификатора: 113.59 сек
2025-06-15 18:24:43,032 | INFO     | pipeline | 
=== Темы ===
                             precision    recall  f1-score   support

               авиастроение     0.5000    0.3333    0.4000         3
    альтернативная медицина     0.0000    0.0000    0.0000         3
                 археология     0.5000    0.6667    0.5714         3
            бизнес-страница     0.2927    0.3333    0.3117        36
        благотворительность     0.3333    0.3333    0.3333         3
       визуальное искусство     0.6000    0.4286    0.5000         7
     государственная служба     0.5000    0.5000    0.5000         6
                   живопись     0.6667    0.6667    0.6667         6
           животные и птицы     0.6667    0.6667    0.6667         9
                   здоровье     0.0000    0.0000    0.0000         3
                 знакомства     0.0000    0.0000    0.0000         3
             игры и геймдев     0.6000    0.5000    0.5455         6
         инженерные системы     0.6667    0.4000    0.5000         5
    искусственный интеллект     0.5000    0.5000    0.5000         2
                    история     0.5714    0.5714    0.5714         7
                     космос     0.0000    0.0000    0.0000         2
            кулинария и еда     0.5500    0.6471    0.5946        17
        культура и общество     0.0000    0.0000    0.0000        15
              культурология     0.2500    0.1667    0.2000         6
                  лайфстайл     0.1000    0.0909    0.0952        11
                лингвистика     0.5714    0.5714    0.5714        14
                 литература     0.5500    0.7333    0.6286        15
                   медицина     0.6000    0.8182    0.6923        11
         медицинские советы     0.0000    0.0000    0.0000         4
                       мемы     0.4000    0.3333    0.3636         6
      методика преподавания     0.6667    0.4000    0.5000         5
                   механика     0.6667    0.6667    0.6667         3
               мода и стиль     0.4545    0.5882    0.5128        17
                  мотивация     0.3333    0.2500    0.2857         4
                     музыка     0.6667    0.9412    0.7805        17
        народное творчество     0.0000    0.0000    0.0000         6
образовательная организация     0.3889    0.6364    0.4828        11
  образовательные платформы     0.0000    0.0000    0.0000         3
                    общение     0.3462    0.5000    0.4091        18
             окружающий мир     0.0000    0.0000    0.0000         5
               онлайн-курсы     0.5000    0.5000    0.5000         4
                  отношения     0.4000    0.4000    0.4000         5
            охота и рыбалка     0.8333    1.0000    0.9091         5
                 педагогика     0.2500    0.1250    0.1667         8
     подготовка к экзаменам     0.5000    0.4286    0.4615         7
             политика и СМИ     0.3333    0.3750    0.3529         8
           популярная наука     0.0000    0.0000    0.0000         6
        предпринимательство     0.1429    0.1429    0.1429         7
           программирование     0.5000    0.2857    0.3636         7
                 психология     0.4167    0.6250    0.5000         8
                путешествия     0.6364    0.6364    0.6364        22
    развлекательный контент     0.1667    0.1250    0.1429         8
                   растения     0.6667    0.5714    0.6154         7
             религиоведение     0.7500    0.8182    0.7826        11
              репетиторство     0.0000    0.0000    0.0000         3
              робототехника     0.7500    0.7500    0.7500         4
            самообразование     0.0000    0.0000    0.0000         3
             сельская жизнь     0.0000    0.0000    0.0000         2
                 социология     0.0000    0.0000    0.0000         8
                      спорт     0.4000    0.5455    0.4615        11
               театр и кино     0.3333    0.5455    0.4138        11
          тело и физиология     0.5000    0.4000    0.4444         5
             техника и авто     0.8182    0.8182    0.8182        11
                 технологии     0.1667    0.1667    0.1667         6
                 управление     0.0000    0.0000    0.0000         4
                урбанистика     0.1667    0.1111    0.1333         9
              уход за собой     0.4444    0.5000    0.4706         8
     фермерство и агрономия     0.5455    0.5000    0.5217        12
                  философия     0.1429    0.1429    0.1429         7
           фильмы и сериалы     0.5625    0.6923    0.6207        13
           фитнес и питание     0.6000    0.5000    0.5455        12
              фото и дизайн     0.3889    0.6364    0.4828        11
          хобби и увлечения     0.4375    0.3333    0.3784        21
             цитаты и мысли     0.1429    0.1667    0.1538         6
          школьные предметы     0.0000    0.0000    0.0000         3
                   экология     0.0000    0.0000    0.0000         2
                  экономика     0.0000    0.0000    0.0000         3
                электроника     0.7500    0.3750    0.5000         8
              юриспруденция     0.5000    0.6000    0.5455         5

                   accuracy                         0.4368       593
                  macro avg     0.3606    0.3657    0.3564       593
               weighted avg     0.4098    0.4368    0.4156       593

2025-06-15 18:24:43,043 | INFO     | pipeline | 
=== Кластеры ===
                                 precision    recall  f1-score   support

             Гуманитарные науки     0.6176    0.6667    0.6412        63
   Инженерное дело и технологии     0.7429    0.6047    0.6667        43
           Искусство и культура     0.6325    0.7184    0.6727       103
Математика и естественные науки     0.4615    0.2400    0.3158        25
            Медицина и здоровье     0.6216    0.7077    0.6619        65
       Образование и педагогика     0.6250    0.5319    0.5747        47
                 Общие интересы     0.6235    0.6433    0.6332       157
             Сельское хозяйство     0.7429    0.7027    0.7222        37
               Социальные науки     0.5510    0.5094    0.5294        53

                       accuracy                         0.6290       593
                      macro avg     0.6243    0.5916    0.6020       593
                   weighted avg     0.6271    0.6290    0.6248       593

2025-06-15 18:24:43,043 | INFO     | pipeline | Точность на кластерах: 0.6290
2025-06-15 18:24:43,043 | INFO     | pipeline | Проверка классификатора: logreg_default
2025-06-15 18:24:46,284 | INFO     | pipeline | 
=== Темы ===
                             precision    recall  f1-score   support

               авиастроение     1.0000    0.3333    0.5000         3
    альтернативная медицина     0.0000    0.0000    0.0000         3
                 археология     1.0000    0.6667    0.8000         3
            бизнес-страница     0.2195    0.2500    0.2338        36
        благотворительность     0.5000    0.3333    0.4000         3
       визуальное искусство     0.5000    0.5714    0.5333         7
     государственная служба     0.4000    0.3333    0.3636         6
                   живопись     0.5000    0.5000    0.5000         6
           животные и птицы     0.6250    0.5556    0.5882         9
                   здоровье     0.0000    0.0000    0.0000         3
                 знакомства     0.0000    0.0000    0.0000         3
             игры и геймдев     0.5000    0.3333    0.4000         6
         инженерные системы     0.6667    0.4000    0.5000         5
    искусственный интеллект     0.3333    0.5000    0.4000         2
                    история     0.5714    0.5714    0.5714         7
                     космос     0.2500    0.5000    0.3333         2
            кулинария и еда     0.4375    0.4118    0.4242        17
        культура и общество     0.1000    0.0667    0.0800        15
              культурология     0.1667    0.1667    0.1667         6
                  лайфстайл     0.1000    0.0909    0.0952        11
                лингвистика     0.6364    0.5000    0.5600        14
                 литература     0.5000    0.6667    0.5714        15
                   медицина     0.6429    0.8182    0.7200        11
         медицинские советы     0.0000    0.0000    0.0000         4
                       мемы     0.2500    0.3333    0.2857         6
      методика преподавания     0.2857    0.4000    0.3333         5
                   механика     0.7500    1.0000    0.8571         3
               мода и стиль     0.4500    0.5294    0.4865        17
                  мотивация     0.5000    0.2500    0.3333         4
                     музыка     0.6818    0.8824    0.7692        17
        народное творчество     0.0000    0.0000    0.0000         6
образовательная организация     0.4375    0.6364    0.5185        11
  образовательные платформы     0.0000    0.0000    0.0000         3
                    общение     0.2963    0.4444    0.3556        18
             окружающий мир     0.0000    0.0000    0.0000         5
               онлайн-курсы     0.3333    0.2500    0.2857         4
                  отношения     0.5000    0.4000    0.4444         5
            охота и рыбалка     0.8333    1.0000    0.9091         5
                 педагогика     0.2500    0.1250    0.1667         8
     подготовка к экзаменам     0.4286    0.4286    0.4286         7
             политика и СМИ     0.5000    0.5000    0.5000         8
           популярная наука     0.3333    0.1667    0.2222         6
        предпринимательство     0.1667    0.1429    0.1538         7
           программирование     0.3333    0.1429    0.2000         7
                 психология     0.3846    0.6250    0.4762         8
                путешествия     0.5714    0.5455    0.5581        22
    развлекательный контент     0.1667    0.1250    0.1429         8
                   растения     0.6667    0.2857    0.4000         7
             религиоведение     0.8889    0.7273    0.8000        11
              репетиторство     0.0000    0.0000    0.0000         3
              робототехника     0.6667    0.5000    0.5714         4
            самообразование     0.0000    0.0000    0.0000         3
             сельская жизнь     0.0000    0.0000    0.0000         2
                 социология     0.1250    0.1250    0.1250         8
                      спорт     0.4167    0.4545    0.4348        11
               театр и кино     0.2941    0.4545    0.3571        11
          тело и физиология     0.5000    0.4000    0.4444         5
             техника и авто     0.9000    0.8182    0.8571        11
                 технологии     0.1667    0.1667    0.1667         6
                 управление     0.0000    0.0000    0.0000         4
                урбанистика     0.1429    0.1111    0.1250         9
              уход за собой     0.5000    0.5000    0.5000         8
     фермерство и агрономия     0.5833    0.5833    0.5833        12
                  философия     0.0000    0.0000    0.0000         7
           фильмы и сериалы     0.5000    0.6154    0.5517        13
           фитнес и питание     0.5455    0.5000    0.5217        12
              фото и дизайн     0.5000    0.7273    0.5926        11
          хобби и увлечения     0.3158    0.2857    0.3000        21
             цитаты и мысли     0.0000    0.0000    0.0000         6
          школьные предметы     0.5000    0.3333    0.4000         3
                   экология     0.0000    0.0000    0.0000         2
                  экономика     0.0000    0.0000    0.0000         3
                электроника     0.5714    0.5000    0.5333         8
              юриспруденция     0.3750    0.6000    0.4615         5

                   accuracy                         0.4047       593
                  macro avg     0.3684    0.3538    0.3499       593
               weighted avg     0.3992    0.4047    0.3934       593

2025-06-15 18:24:46,295 | INFO     | pipeline | 
=== Кластеры ===
                                 precision    recall  f1-score   support

             Гуманитарные науки     0.6610    0.6190    0.6393        63
   Инженерное дело и технологии     0.7059    0.5581    0.6234        43
           Искусство и культура     0.5932    0.6796    0.6335       103
Математика и естественные науки     0.4500    0.3600    0.4000        25
            Медицина и здоровье     0.6571    0.7077    0.6815        65
       Образование и педагогика     0.5870    0.5745    0.5806        47
                 Общие интересы     0.6135    0.6369    0.6250       157
             Сельское хозяйство     0.7419    0.6216    0.6765        37
               Социальные науки     0.4808    0.4717    0.4762        53

                       accuracy                         0.6121       593
                      macro avg     0.6100    0.5810    0.5929       593
                   weighted avg     0.6137    0.6121    0.6110       593

2025-06-15 18:24:46,295 | INFO     | pipeline | Точность на кластерах: 0.6121
2025-06-15 18:24:46,296 | INFO     | pipeline | Проверка классификатора: random_forest
2025-06-15 18:26:44,548 | INFO     | pipeline | Оптимизация классификатора: 118.25 сек
2025-06-15 18:26:47,261 | INFO     | pipeline | 
=== Темы ===
                             precision    recall  f1-score   support

               авиастроение     0.0000    0.0000    0.0000         3
    альтернативная медицина     0.0000    0.0000    0.0000         3
                 археология     0.0000    0.0000    0.0000         3
            бизнес-страница     0.2500    0.6944    0.3676        36
        благотворительность     0.0000    0.0000    0.0000         3
       визуальное искусство     0.2000    0.1429    0.1667         7
     государственная служба     0.4000    0.3333    0.3636         6
                   живопись     0.5000    0.1667    0.2500         6
           животные и птицы     0.7778    0.7778    0.7778         9
                   здоровье     0.0000    0.0000    0.0000         3
                 знакомства     0.0000    0.0000    0.0000         3
             игры и геймдев     0.2000    0.1667    0.1818         6
         инженерные системы     0.0000    0.0000    0.0000         5
    искусственный интеллект     0.0000    0.0000    0.0000         2
                    история     0.0000    0.0000    0.0000         7
                     космос     0.0000    0.0000    0.0000         2
            кулинария и еда     0.5500    0.6471    0.5946        17
        культура и общество     0.0625    0.0667    0.0645        15
              культурология     0.0000    0.0000    0.0000         6
                  лайфстайл     0.0000    0.0000    0.0000        11
                лингвистика     0.4615    0.8571    0.6000        14
                 литература     0.3611    0.8667    0.5098        15
                   медицина     0.4737    0.8182    0.6000        11
         медицинские советы     0.0000    0.0000    0.0000         4
                       мемы     1.0000    0.1667    0.2857         6
      методика преподавания     0.0000    0.0000    0.0000         5
                   механика     0.0000    0.0000    0.0000         3
               мода и стиль     0.4545    0.5882    0.5128        17
                  мотивация     0.0000    0.0000    0.0000         4
                     музыка     0.5000    0.9412    0.6531        17
        народное творчество     0.0000    0.0000    0.0000         6
образовательная организация     0.3462    0.8182    0.4865        11
  образовательные платформы     0.0000    0.0000    0.0000         3
                    общение     0.3939    0.7222    0.5098        18
             окружающий мир     0.0000    0.0000    0.0000         5
               онлайн-курсы     0.0000    0.0000    0.0000         4
                  отношения     0.5000    0.2000    0.2857         5
            охота и рыбалка     1.0000    0.8000    0.8889         5
                 педагогика     0.5000    0.1250    0.2000         8
     подготовка к экзаменам     0.3333    0.2857    0.3077         7
             политика и СМИ     0.4000    0.2500    0.3077         8
           популярная наука     0.0000    0.0000    0.0000         6
        предпринимательство     0.3333    0.1429    0.2000         7
           программирование     0.3333    0.4286    0.3750         7
                 психология     0.3846    0.6250    0.4762         8
                путешествия     0.4865    0.8182    0.6102        22
    развлекательный контент     0.3333    0.1250    0.1818         8
                   растения     1.0000    0.2857    0.4444         7
             религиоведение     0.5625    0.8182    0.6667        11
              репетиторство     0.0000    0.0000    0.0000         3
              робототехника     0.0000    0.0000    0.0000         4
            самообразование     0.0000    0.0000    0.0000         3
             сельская жизнь     0.0000    0.0000    0.0000         2
                 социология     0.5000    0.1250    0.2000         8
                      спорт     0.3571    0.4545    0.4000        11
               театр и кино     0.6000    0.8182    0.6923        11
          тело и физиология     0.0000    0.0000    0.0000         5
             техника и авто     0.7273    0.7273    0.7273        11
                 технологии     0.0000    0.0000    0.0000         6
                 управление     0.0000    0.0000    0.0000         4
                урбанистика     0.2500    0.1111    0.1538         9
              уход за собой     0.3333    0.1250    0.1818         8
     фермерство и агрономия     0.7273    0.6667    0.6957        12
                  философия     0.5000    0.2857    0.3636         7
           фильмы и сериалы     0.6471    0.8462    0.7333        13
           фитнес и питание     0.5455    0.5000    0.5217        12
              фото и дизайн     0.3333    0.1818    0.2353        11
          хобби и увлечения     0.3125    0.2381    0.2703        21
             цитаты и мысли     0.0000    0.0000    0.0000         6
          школьные предметы     0.0000    0.0000    0.0000         3
                   экология     0.0000    0.0000    0.0000         2
                  экономика     0.0000    0.0000    0.0000         3
                электроника     0.5000    0.1250    0.2000         8
              юриспруденция     0.5000    0.2000    0.2857         5

                   accuracy                         0.4081       593
                  macro avg     0.2693    0.2579    0.2369       593
               weighted avg     0.3494    0.4081    0.3434       593

2025-06-15 18:26:47,274 | INFO     | pipeline | 
=== Кластеры ===
                                 precision    recall  f1-score   support

             Гуманитарные науки     0.5349    0.7302    0.6174        63
   Инженерное дело и технологии     0.6364    0.3256    0.4308        43
           Искусство и культура     0.6087    0.6796    0.6422       103
Математика и естественные науки     0.4000    0.1600    0.2286        25
            Медицина и здоровье     0.6500    0.6000    0.6240        65
       Образование и педагогика     0.6471    0.4681    0.5432        47
                 Общие интересы     0.5602    0.7707    0.6488       157
             Сельское хозяйство     0.8846    0.6216    0.7302        37
               Социальные науки     0.6250    0.2830    0.3896        53

                       accuracy                         0.5970       593
                      macro avg     0.6163    0.5154    0.5394       593
                   weighted avg     0.6075    0.5970    0.5816       593

2025-06-15 18:26:47,274 | INFO     | pipeline | Точность на кластерах: 0.5970
2025-06-15 18:26:47,274 | INFO     | pipeline | Проверка классификатора: svm_linear
2025-06-15 18:26:48,603 | INFO     | pipeline | 
=== Темы ===
                             precision    recall  f1-score   support

               авиастроение     1.0000    0.6667    0.8000         3
    альтернативная медицина     0.0000    0.0000    0.0000         3
                 археология     0.3333    0.6667    0.4444         3
            бизнес-страница     0.2692    0.3889    0.3182        36
        благотворительность     0.5000    0.3333    0.4000         3
       визуальное искусство     0.4444    0.5714    0.5000         7
     государственная служба     0.3333    0.3333    0.3333         6
                   живопись     0.7143    0.8333    0.7692         6
           животные и птицы     1.0000    0.5556    0.7143         9
                   здоровье     0.0000    0.0000    0.0000         3
                 знакомства     0.5000    0.3333    0.4000         3
             игры и геймдев     0.4000    0.3333    0.3636         6
         инженерные системы     0.5000    0.4000    0.4444         5
    искусственный интеллект     0.2500    0.5000    0.3333         2
                    история     0.5556    0.7143    0.6250         7
                     космос     0.0000    0.0000    0.0000         2
            кулинария и еда     0.4737    0.5294    0.5000        17
        культура и общество     0.0909    0.0667    0.0769        15
              культурология     0.0000    0.0000    0.0000         6
                  лайфстайл     0.0000    0.0000    0.0000        11
                лингвистика     0.5263    0.7143    0.6061        14
                 литература     0.4762    0.6667    0.5556        15
                   медицина     0.7143    0.9091    0.8000        11
         медицинские советы     0.2500    0.2500    0.2500         4
                       мемы     0.5000    0.5000    0.5000         6
      методика преподавания     0.5000    0.4000    0.4444         5
                   механика     0.5000    0.3333    0.4000         3
               мода и стиль     0.5455    0.7059    0.6154        17
                  мотивация     1.0000    0.2500    0.4000         4
                     музыка     0.6957    0.9412    0.8000        17
        народное творчество     0.0000    0.0000    0.0000         6
образовательная организация     0.3684    0.6364    0.4667        11
  образовательные платформы     0.0000    0.0000    0.0000         3
                    общение     0.3333    0.3333    0.3333        18
             окружающий мир     0.0000    0.0000    0.0000         5
               онлайн-курсы     0.6667    0.5000    0.5714         4
                  отношения     0.6667    0.4000    0.5000         5
            охота и рыбалка     1.0000    1.0000    1.0000         5
                 педагогика     0.2000    0.1250    0.1538         8
     подготовка к экзаменам     0.4286    0.4286    0.4286         7
             политика и СМИ     0.3000    0.3750    0.3333         8
           популярная наука     0.2500    0.1667    0.2000         6
        предпринимательство     0.0000    0.0000    0.0000         7
           программирование     0.2000    0.1429    0.1667         7
                 психология     0.4167    0.6250    0.5000         8
                путешествия     0.7368    0.6364    0.6829        22
    развлекательный контент     0.1250    0.1250    0.1250         8
                   растения     0.4000    0.2857    0.3333         7
             религиоведение     0.8889    0.7273    0.8000        11
              репетиторство     0.0000    0.0000    0.0000         3
              робототехника     0.7500    0.7500    0.7500         4
            самообразование     0.0000    0.0000    0.0000         3
             сельская жизнь     0.0000    0.0000    0.0000         2
                 социология     0.1429    0.1250    0.1333         8
                      спорт     0.5333    0.7273    0.6154        11
               театр и кино     0.4615    0.5455    0.5000        11
          тело и физиология     0.3333    0.4000    0.3636         5
             техника и авто     0.7500    0.8182    0.7826        11
                 технологии     0.0000    0.0000    0.0000         6
                 управление     0.5000    0.2500    0.3333         4
                урбанистика     0.3333    0.2222    0.2667         9
              уход за собой     0.6667    0.5000    0.5714         8
     фермерство и агрономия     0.4545    0.4167    0.4348        12
                  философия     0.1667    0.1429    0.1538         7
           фильмы и сериалы     0.5625    0.6923    0.6207        13
           фитнес и питание     0.6000    0.5000    0.5455        12
              фото и дизайн     0.4167    0.4545    0.4348        11
          хобби и увлечения     0.8000    0.1905    0.3077        21
             цитаты и мысли     0.1429    0.1667    0.1538         6
          школьные предметы     0.5000    0.3333    0.4000         3
                   экология     0.2500    0.5000    0.3333         2
                  экономика     0.0000    0.0000    0.0000         3
                электроника     0.5000    0.2500    0.3333         8
              юриспруденция     0.5000    0.4000    0.4444         5

                   accuracy                         0.4317       593
                  macro avg     0.3975    0.3755    0.3712       593
               weighted avg     0.4394    0.4317    0.4185       593

2025-06-15 18:26:48,612 | INFO     | pipeline | 
=== Кластеры ===
                                 precision    recall  f1-score   support

             Гуманитарные науки     0.6301    0.7302    0.6765        63
   Инженерное дело и технологии     0.7105    0.6279    0.6667        43
           Искусство и культура     0.6609    0.7379    0.6972       103
Математика и естественные науки     0.2000    0.1600    0.1778        25
            Медицина и здоровье     0.6622    0.7538    0.7050        65
       Образование и педагогика     0.6222    0.5957    0.6087        47
                 Общие интересы     0.6333    0.6051    0.6189       157
             Сельское хозяйство     0.8065    0.6757    0.7353        37
               Социальные науки     0.5319    0.4717    0.5000        53

                       accuracy                         0.6324       593
                      macro avg     0.6064    0.5953    0.5985       593
                   weighted avg     0.6291    0.6324    0.6288       593

2025-06-15 18:26:48,613 | INFO     | pipeline | Точность на кластерах: 0.6324
2025-06-15 18:26:48,613 | INFO     | pipeline | Проверка классификатора: svm_rbf
2025-06-15 18:26:50,898 | INFO     | pipeline | 
=== Темы ===
                             precision    recall  f1-score   support

               авиастроение     1.0000    0.3333    0.5000         3
    альтернативная медицина     0.0000    0.0000    0.0000         3
                 археология     0.6667    0.6667    0.6667         3
            бизнес-страница     0.2973    0.6111    0.4000        36
        благотворительность     1.0000    0.3333    0.5000         3
       визуальное искусство     0.5000    0.5714    0.5333         7
     государственная служба     0.4000    0.6667    0.5000         6
                   живопись     1.0000    0.3333    0.5000         6
           животные и птицы     0.8000    0.8889    0.8421         9
                   здоровье     0.0000    0.0000    0.0000         3
                 знакомства     0.0000    0.0000    0.0000         3
             игры и геймдев     0.4000    0.3333    0.3636         6
         инженерные системы     0.6667    0.4000    0.5000         5
    искусственный интеллект     0.0000    0.0000    0.0000         2
                    история     0.4444    0.5714    0.5000         7
                     космос     0.0000    0.0000    0.0000         2
            кулинария и еда     0.6500    0.7647    0.7027        17
        культура и общество     0.1667    0.1333    0.1481        15
              культурология     0.0000    0.0000    0.0000         6
                  лайфстайл     0.0909    0.0909    0.0909        11
                лингвистика     0.5714    0.8571    0.6857        14
                 литература     0.5000    0.9333    0.6512        15
                   медицина     0.6250    0.9091    0.7407        11
         медицинские советы     0.0000    0.0000    0.0000         4
                       мемы     0.2500    0.1667    0.2000         6
      методика преподавания     0.2000    0.2000    0.2000         5
                   механика     0.0000    0.0000    0.0000         3
               мода и стиль     0.5263    0.5882    0.5556        17
                  мотивация     0.0000    0.0000    0.0000         4
                     музыка     0.6250    0.8824    0.7317        17
        народное творчество     0.0000    0.0000    0.0000         6
образовательная организация     0.4000    0.7273    0.5161        11
  образовательные платформы     0.0000    0.0000    0.0000         3
                    общение     0.2973    0.6111    0.4000        18
             окружающий мир     0.0000    0.0000    0.0000         5
               онлайн-курсы     0.5000    0.2500    0.3333         4
                  отношения     0.6667    0.4000    0.5000         5
            охота и рыбалка     1.0000    1.0000    1.0000         5
                 педагогика     0.2222    0.2500    0.2353         8
     подготовка к экзаменам     0.4286    0.4286    0.4286         7
             политика и СМИ     0.4000    0.2500    0.3077         8
           популярная наука     0.0000    0.0000    0.0000         6
        предпринимательство     0.2500    0.2857    0.2667         7
           программирование     0.2857    0.2857    0.2857         7
                 психология     0.4545    0.6250    0.5263         8
                путешествия     0.7500    0.8182    0.7826        22
    развлекательный контент     0.1667    0.1250    0.1429         8
                   растения     0.8000    0.5714    0.6667         7
             религиоведение     0.8000    0.7273    0.7619        11
              репетиторство     0.0000    0.0000    0.0000         3
              робототехника     1.0000    0.5000    0.6667         4
            самообразование     0.0000    0.0000    0.0000         3
             сельская жизнь     0.0000    0.0000    0.0000         2
                 социология     0.0000    0.0000    0.0000         8
                      спорт     0.3750    0.5455    0.4444        11
               театр и кино     0.5833    0.6364    0.6087        11
          тело и физиология     0.5000    0.2000    0.2857         5
             техника и авто     0.7273    0.7273    0.7273        11
                 технологии     0.0000    0.0000    0.0000         6
                 управление     0.0000    0.0000    0.0000         4
                урбанистика     0.0000    0.0000    0.0000         9
              уход за собой     0.8000    0.5000    0.6154         8
     фермерство и агрономия     0.6364    0.5833    0.6087        12
                  философия     0.3333    0.2857    0.3077         7
           фильмы и сериалы     0.6111    0.8462    0.7097        13
           фитнес и питание     0.5455    0.5000    0.5217        12
              фото и дизайн     0.3846    0.4545    0.4167        11
          хобби и увлечения     0.3333    0.2857    0.3077        21
             цитаты и мысли     0.5000    0.1667    0.2500         6
          школьные предметы     0.0000    0.0000    0.0000         3
                   экология     0.0000    0.0000    0.0000         2
                  экономика     0.0000    0.0000    0.0000         3
                электроника     0.6667    0.2500    0.3636         8
              юриспруденция     0.5000    0.4000    0.4444         5

                   accuracy                         0.4637       593
                  macro avg     0.3689    0.3442    0.3371       593
               weighted avg     0.4238    0.4637    0.4240       593

2025-06-15 18:26:50,907 | INFO     | pipeline | 
=== Кластеры ===
                                 precision    recall  f1-score   support

             Гуманитарные науки     0.6203    0.7778    0.6901        63
   Инженерное дело и технологии     0.7241    0.4884    0.5833        43
           Искусство и культура     0.7037    0.7379    0.7204       103
Математика и естественные науки     0.3750    0.1200    0.1818        25
            Медицина и здоровье     0.7213    0.6769    0.6984        65
       Образование и педагогика     0.6744    0.6170    0.6444        47
                 Общие интересы     0.5850    0.7452    0.6555       157
             Сельское хозяйство     0.9032    0.7568    0.8235        37
               Социальные науки     0.6176    0.3962    0.4828        53

                       accuracy                         0.6543       593
                      macro avg     0.6583    0.5907    0.6089       593
                   weighted avg     0.6554    0.6543    0.6441       593

2025-06-15 18:26:50,908 | INFO     | pipeline | Точность на кластерах: 0.6543
2025-06-15 18:26:50,908 | INFO     | pipeline | Проверка эмбеддингов: roberta_ru
2025-06-15 18:26:50,909 | INFO     | sentence_transformers.SentenceTransformer | Load pretrained SentenceTransformer: ai-forever/ru-en-RoSBERTa
2025-06-15 18:26:57,054 | INFO     | sentence_transformers.SentenceTransformer | 4 prompts are loaded, with the keys: ['classification', 'search_query', 'search_document', 'clustering']
2025-06-15 18:28:53,568 | INFO     | pipeline | Эмбеддинги SentenceTransformer: 122.66 сек
2025-06-15 18:28:53,571 | INFO     | sentence_transformers.SentenceTransformer | Load pretrained SentenceTransformer: ai-forever/ru-en-RoSBERTa
2025-06-15 18:28:59,729 | INFO     | sentence_transformers.SentenceTransformer | 4 prompts are loaded, with the keys: ['classification', 'search_query', 'search_document', 'clustering']
2025-06-15 18:30:33,488 | INFO     | pipeline | Эмбеддинги SentenceTransformer: 99.92 сек
2025-06-15 18:30:33,517 | INFO     | pipeline | Проверка классификатора: logreg_tuned
2025-06-15 18:31:29,548 | INFO     | pipeline | Оптимизация классификатора: 56.03 сек
2025-06-15 18:31:31,527 | INFO     | pipeline | 
=== Темы ===
                             precision    recall  f1-score   support

               авиастроение     1.0000    0.3333    0.5000         3
    альтернативная медицина     0.0000    0.0000    0.0000         3
                 археология     0.7500    1.0000    0.8571         3
            бизнес-страница     0.3333    0.4444    0.3810        36
        благотворительность     0.3333    0.3333    0.3333         3
       визуальное искусство     0.6667    0.5714    0.6154         7
     государственная служба     0.5000    0.5000    0.5000         6
                   живопись     0.7500    0.5000    0.6000         6
           животные и птицы     0.8889    0.8889    0.8889         9
                   здоровье     0.0000    0.0000    0.0000         3
                 знакомства     0.5000    0.3333    0.4000         3
             игры и геймдев     0.4286    0.5000    0.4615         6
         инженерные системы     1.0000    0.4000    0.5714         5
    искусственный интеллект     1.0000    0.5000    0.6667         2
                    история     0.5556    0.7143    0.6250         7
                     космос     0.0000    0.0000    0.0000         2
            кулинария и еда     0.5000    0.5294    0.5143        17
        культура и общество     0.2000    0.2000    0.2000        15
              культурология     0.4000    0.3333    0.3636         6
                  лайфстайл     0.0000    0.0000    0.0000        11
                лингвистика     0.6500    0.9286    0.7647        14
                 литература     0.6667    0.8000    0.7273        15
                   медицина     0.6667    0.9091    0.7692        11
         медицинские советы     0.0000    0.0000    0.0000         4
                       мемы     0.2500    0.1667    0.2000         6
      методика преподавания     0.0000    0.0000    0.0000         5
                   механика     0.6667    0.6667    0.6667         3
               мода и стиль     0.5909    0.7647    0.6667        17
                  мотивация     0.0000    0.0000    0.0000         4
                     музыка     0.6522    0.8824    0.7500        17
        народное творчество     1.0000    0.1667    0.2857         6
образовательная организация     0.5000    0.8182    0.6207        11
  образовательные платформы     0.0000    0.0000    0.0000         3
                    общение     0.3636    0.4444    0.4000        18
             окружающий мир     0.5000    0.2000    0.2857         5
               онлайн-курсы     0.6667    0.5000    0.5714         4
                  отношения     0.5000    0.4000    0.4444         5
            охота и рыбалка     1.0000    0.8000    0.8889         5
                 педагогика     0.1429    0.1250    0.1333         8
     подготовка к экзаменам     0.3750    0.4286    0.4000         7
             политика и СМИ     0.4000    0.2500    0.3077         8
           популярная наука     1.0000    0.3333    0.5000         6
        предпринимательство     0.1429    0.1429    0.1429         7
           программирование     0.5000    0.2857    0.3636         7
                 психология     0.4667    0.8750    0.6087         8
                путешествия     0.7391    0.7727    0.7556        22
    развлекательный контент     0.1818    0.2500    0.2105         8
                   растения     0.7143    0.7143    0.7143         7
             религиоведение     0.8750    0.6364    0.7368        11
              репетиторство     0.0000    0.0000    0.0000         3
              робототехника     0.8000    1.0000    0.8889         4
            самообразование     0.0000    0.0000    0.0000         3
             сельская жизнь     0.0000    0.0000    0.0000         2
                 социология     0.2857    0.2500    0.2667         8
                      спорт     0.5385    0.6364    0.5833        11
               театр и кино     0.6429    0.8182    0.7200        11
          тело и физиология     0.7500    0.6000    0.6667         5
             техника и авто     0.8182    0.8182    0.8182        11
                 технологии     0.2000    0.1667    0.1818         6
                 управление     0.0000    0.0000    0.0000         4
                урбанистика     0.4286    0.3333    0.3750         9
              уход за собой     0.5000    0.6250    0.5556         8
     фермерство и агрономия     0.6364    0.5833    0.6087        12
                  философия     0.3000    0.4286    0.3529         7
           фильмы и сериалы     0.6667    0.6154    0.6400        13
           фитнес и питание     0.5000    0.6667    0.5714        12
              фото и дизайн     0.5000    0.7273    0.5926        11
          хобби и увлечения     0.2778    0.2381    0.2564        21
             цитаты и мысли     0.7500    0.5000    0.6000         6
          школьные предметы     0.0000    0.0000    0.0000         3
                   экология     0.5000    0.5000    0.5000         2
                  экономика     0.2500    0.3333    0.2857         3
                электроника     0.6250    0.6250    0.6250         8
              юриспруденция     0.6000    0.6000    0.6000         5

                   accuracy                         0.5093       593
                  macro avg     0.4674    0.4380    0.4335       593
               weighted avg     0.4939    0.5093    0.4863       593

2025-06-15 18:31:31,537 | INFO     | pipeline | 
=== Кластеры ===
                                 precision    recall  f1-score   support

             Гуманитарные науки     0.7027    0.8254    0.7591        63
   Инженерное дело и технологии     0.7436    0.6744    0.7073        43
           Искусство и культура     0.7080    0.7767    0.7407       103
Математика и естественные науки     0.6667    0.3200    0.4324        25
            Медицина и здоровье     0.6933    0.8000    0.7429        65
       Образование и педагогика     0.7692    0.6383    0.6977        47
                 Общие интересы     0.6728    0.6943    0.6834       157
             Сельское хозяйство     0.8788    0.7838    0.8286        37
               Социальные науки     0.5870    0.5094    0.5455        53

                       accuracy                         0.7015       593
                      macro avg     0.7136    0.6691    0.6820       593
                   weighted avg     0.7020    0.7015    0.6969       593

2025-06-15 18:31:31,537 | INFO     | pipeline | Точность на кластерах: 0.7015
2025-06-15 18:31:31,537 | INFO     | pipeline | Проверка классификатора: logreg_default
2025-06-15 18:31:33,540 | INFO     | pipeline | 
=== Темы ===
                             precision    recall  f1-score   support

               авиастроение     1.0000    0.6667    0.8000         3
    альтернативная медицина     0.0000    0.0000    0.0000         3
                 археология     0.6000    1.0000    0.7500         3
            бизнес-страница     0.3095    0.3611    0.3333        36
        благотворительность     0.2500    0.3333    0.2857         3
       визуальное искусство     0.6667    0.5714    0.6154         7
     государственная служба     0.5000    0.5000    0.5000         6
                   живопись     0.5000    0.3333    0.4000         6
           животные и птицы     0.8889    0.8889    0.8889         9
                   здоровье     0.0000    0.0000    0.0000         3
                 знакомства     0.5000    0.3333    0.4000         3
             игры и геймдев     0.5000    0.5000    0.5000         6
         инженерные системы     0.6667    0.4000    0.5000         5
    искусственный интеллект     1.0000    0.5000    0.6667         2
                    история     0.5000    0.4286    0.4615         7
                     космос     0.0000    0.0000    0.0000         2
            кулинария и еда     0.4762    0.5882    0.5263        17
        культура и общество     0.2353    0.2667    0.2500        15
              культурология     0.4000    0.3333    0.3636         6
                  лайфстайл     0.0000    0.0000    0.0000        11
                лингвистика     0.7222    0.9286    0.8125        14
                 литература     0.7059    0.8000    0.7500        15
                   медицина     0.6667    0.9091    0.7692        11
         медицинские советы     0.0000    0.0000    0.0000         4
                       мемы     0.0000    0.0000    0.0000         6
      методика преподавания     0.0000    0.0000    0.0000         5
                   механика     0.6667    0.6667    0.6667         3
               мода и стиль     0.5238    0.6471    0.5789        17
                  мотивация     1.0000    0.2500    0.4000         4
                     музыка     0.6818    0.8824    0.7692        17
        народное творчество     0.0000    0.0000    0.0000         6
образовательная организация     0.3889    0.6364    0.4828        11
  образовательные платформы     0.0000    0.0000    0.0000         3
                    общение     0.3182    0.3889    0.3500        18
             окружающий мир     0.5000    0.2000    0.2857         5
               онлайн-курсы     0.2000    0.2500    0.2222         4
                  отношения     0.6667    0.4000    0.5000         5
            охота и рыбалка     1.0000    1.0000    1.0000         5
                 педагогика     0.2500    0.1250    0.1667         8
     подготовка к экзаменам     0.5714    0.5714    0.5714         7
             политика и СМИ     0.5000    0.2500    0.3333         8
           популярная наука     0.6667    0.3333    0.4444         6
        предпринимательство     0.1667    0.1429    0.1538         7
           программирование     0.6000    0.4286    0.5000         7
                 психология     0.5000    0.7500    0.6000         8
                путешествия     0.7273    0.7273    0.7273        22
    развлекательный контент     0.1538    0.2500    0.1905         8
                   растения     0.5714    0.5714    0.5714         7
             религиоведение     1.0000    0.6364    0.7778        11
              репетиторство     0.0000    0.0000    0.0000         3
              робототехника     0.8000    1.0000    0.8889         4
            самообразование     0.0000    0.0000    0.0000         3
             сельская жизнь     0.0000    0.0000    0.0000         2
                 социология     0.3333    0.2500    0.2857         8
                      спорт     0.5833    0.6364    0.6087        11
               театр и кино     0.6000    0.8182    0.6923        11
          тело и физиология     0.4286    0.6000    0.5000         5
             техника и авто     0.8333    0.9091    0.8696        11
                 технологии     0.2500    0.1667    0.2000         6
                 управление     0.0000    0.0000    0.0000         4
                урбанистика     0.2500    0.2222    0.2353         9
              уход за собой     0.4545    0.6250    0.5263         8
     фермерство и агрономия     0.4444    0.3333    0.3810        12
                  философия     0.2500    0.2857    0.2667         7
           фильмы и сериалы     0.6923    0.6923    0.6923        13
           фитнес и питание     0.3636    0.3333    0.3478        12
              фото и дизайн     0.5714    0.7273    0.6400        11
          хобби и увлечения     0.2273    0.2381    0.2326        21
             цитаты и мысли     0.6667    0.3333    0.4444         6
          школьные предметы     1.0000    0.3333    0.5000         3
                   экология     0.5000    0.5000    0.5000         2
                  экономика     0.3333    0.3333    0.3333         3
                электроника     0.5556    0.6250    0.5882         8
              юриспруденция     0.5000    0.6000    0.5455         5

                   accuracy                         0.4806       593
                  macro avg     0.4511    0.4231    0.4209       593
               weighted avg     0.4714    0.4806    0.4644       593

2025-06-15 18:31:33,550 | INFO     | pipeline | 
=== Кластеры ===
                                 precision    recall  f1-score   support

             Гуманитарные науки     0.7273    0.7619    0.7442        63
   Инженерное дело и технологии     0.7561    0.7209    0.7381        43
           Искусство и культура     0.6754    0.7476    0.7097       103
Математика и естественные науки     0.6429    0.3600    0.4615        25
            Медицина и здоровье     0.6622    0.7538    0.7050        65
       Образование и педагогика     0.7805    0.6809    0.7273        47
                 Общие интересы     0.6485    0.6815    0.6646       157
             Сельское хозяйство     0.8750    0.7568    0.8116        37
               Социальные науки     0.5435    0.4717    0.5051        53

                       accuracy                         0.6847       593
                      macro avg     0.7013    0.6595    0.6741       593
                   weighted avg     0.6858    0.6847    0.6820       593

2025-06-15 18:31:33,550 | INFO     | pipeline | Точность на кластерах: 0.6847
2025-06-15 18:31:33,550 | INFO     | pipeline | Проверка классификатора: random_forest
2025-06-15 18:33:15,354 | INFO     | pipeline | Оптимизация классификатора: 101.80 сек
2025-06-15 18:33:19,052 | INFO     | pipeline | 
=== Темы ===
                             precision    recall  f1-score   support

               авиастроение     0.0000    0.0000    0.0000         3
    альтернативная медицина     0.0000    0.0000    0.0000         3
                 археология     0.0000    0.0000    0.0000         3
            бизнес-страница     0.2030    0.7500    0.3195        36
        благотворительность     1.0000    0.3333    0.5000         3
       визуальное искусство     0.0000    0.0000    0.0000         7
     государственная служба     0.6667    0.3333    0.4444         6
                   живопись     1.0000    0.1667    0.2857         6
           животные и птицы     0.6667    0.4444    0.5333         9
                   здоровье     0.0000    0.0000    0.0000         3
                 знакомства     0.0000    0.0000    0.0000         3
             игры и геймдев     1.0000    0.1667    0.2857         6
         инженерные системы     0.0000    0.0000    0.0000         5
    искусственный интеллект     0.0000    0.0000    0.0000         2
                    история     0.4000    0.2857    0.3333         7
                     космос     0.0000    0.0000    0.0000         2
            кулинария и еда     0.5333    0.4706    0.5000        17
        культура и общество     0.2353    0.2667    0.2500        15
              культурология     0.0000    0.0000    0.0000         6
                  лайфстайл     0.0000    0.0000    0.0000        11
                лингвистика     0.4643    0.9286    0.6190        14
                 литература     0.4828    0.9333    0.6364        15
                   медицина     0.5263    0.9091    0.6667        11
         медицинские советы     0.0000    0.0000    0.0000         4
                       мемы     0.0000    0.0000    0.0000         6
      методика преподавания     0.5000    0.2000    0.2857         5
                   механика     0.0000    0.0000    0.0000         3
               мода и стиль     0.5652    0.7647    0.6500        17
                  мотивация     0.0000    0.0000    0.0000         4
                     музыка     0.4839    0.8824    0.6250        17
        народное творчество     0.0000    0.0000    0.0000         6
образовательная организация     0.4286    0.8182    0.5625        11
  образовательные платформы     0.0000    0.0000    0.0000         3
                    общение     0.2778    0.5556    0.3704        18
             окружающий мир     0.0000    0.0000    0.0000         5
               онлайн-курсы     1.0000    0.2500    0.4000         4
                  отношения     0.0000    0.0000    0.0000         5
            охота и рыбалка     1.0000    0.4000    0.5714         5
                 педагогика     0.0000    0.0000    0.0000         8
     подготовка к экзаменам     0.5714    0.5714    0.5714         7
             политика и СМИ     0.5000    0.2500    0.3333         8
           популярная наука     0.5000    0.1667    0.2500         6
        предпринимательство     0.0000    0.0000    0.0000         7
           программирование     0.2500    0.1429    0.1818         7
                 психология     0.4615    0.7500    0.5714         8
                путешествия     0.4043    0.8636    0.5507        22
    развлекательный контент     0.0000    0.0000    0.0000         8
                   растения     1.0000    0.1429    0.2500         7
             религиоведение     0.5385    0.6364    0.5833        11
              репетиторство     0.0000    0.0000    0.0000         3
              робототехника     0.0000    0.0000    0.0000         4
            самообразование     0.0000    0.0000    0.0000         3
             сельская жизнь     0.0000    0.0000    0.0000         2
                 социология     0.3333    0.1250    0.1818         8
                      спорт     0.2857    0.1818    0.2222        11
               театр и кино     0.3333    0.3636    0.3478        11
          тело и физиология     1.0000    0.2000    0.3333         5
             техника и авто     0.6667    0.7273    0.6957        11
                 технологии     0.0000    0.0000    0.0000         6
                 управление     0.0000    0.0000    0.0000         4
                урбанистика     0.0000    0.0000    0.0000         9
              уход за собой     0.5000    0.2500    0.3333         8
     фермерство и агрономия     0.5385    0.5833    0.5600        12
                  философия     0.5000    0.1429    0.2222         7
           фильмы и сериалы     0.4211    0.6154    0.5000        13
           фитнес и питание     0.5000    0.4167    0.4545        12
              фото и дизайн     0.6667    0.5455    0.6000        11
          хобби и увлечения     0.2174    0.2381    0.2273        21
             цитаты и мысли     0.0000    0.0000    0.0000         6
          школьные предметы     0.0000    0.0000    0.0000         3
                   экология     0.0000    0.0000    0.0000         2
                  экономика     0.0000    0.0000    0.0000         3
                электроника     0.5000    0.1250    0.2000         8
              юриспруденция     0.5000    0.2000    0.2857         5

                   accuracy                         0.3895       593
                  macro avg     0.3057    0.2446    0.2337       593
               weighted avg     0.3544    0.3895    0.3256       593

2025-06-15 18:33:19,061 | INFO     | pipeline | 
=== Кластеры ===
                                 precision    recall  f1-score   support

             Гуманитарные науки     0.5325    0.6508    0.5857        63
   Инженерное дело и технологии     0.7647    0.3023    0.4333        43
           Искусство и культура     0.6071    0.6602    0.6326       103
Математика и естественные науки     0.5000    0.1200    0.1935        25
            Медицина и здоровье     0.7037    0.5846    0.6387        65
       Образование и педагогика     0.6774    0.4468    0.5385        47
                 Общие интересы     0.4402    0.7261    0.5481       157
             Сельское хозяйство     0.7273    0.4324    0.5424        37
               Социальные науки     0.6000    0.1698    0.2647        53

                       accuracy                         0.5447       593
                      macro avg     0.6170    0.4548    0.4864       593
                   weighted avg     0.5849    0.5447    0.5270       593

2025-06-15 18:33:19,061 | INFO     | pipeline | Точность на кластерах: 0.5447
2025-06-15 18:33:19,061 | INFO     | pipeline | Проверка классификатора: svm_linear
2025-06-15 18:33:20,573 | INFO     | pipeline | 
=== Темы ===
                             precision    recall  f1-score   support

               авиастроение     0.6667    0.6667    0.6667         3
    альтернативная медицина     0.0000    0.0000    0.0000         3
                 археология     0.5000    1.0000    0.6667         3
            бизнес-страница     0.2895    0.3056    0.2973        36
        благотворительность     0.2500    0.3333    0.2857         3
       визуальное искусство     0.5714    0.5714    0.5714         7
     государственная служба     0.4000    0.3333    0.3636         6
                   живопись     0.6667    0.3333    0.4444         6
           животные и птицы     0.8750    0.7778    0.8235         9
                   здоровье     0.0000    0.0000    0.0000         3
                 знакомства     0.3333    0.3333    0.3333         3
             игры и геймдев     0.1667    0.1667    0.1667         6
         инженерные системы     1.0000    0.4000    0.5714         5
    искусственный интеллект     1.0000    0.5000    0.6667         2
                    история     0.5556    0.7143    0.6250         7
                     космос     0.0000    0.0000    0.0000         2
            кулинария и еда     0.4091    0.5294    0.4615        17
        культура и общество     0.1818    0.1333    0.1538        15
              культурология     0.1667    0.1667    0.1667         6
                  лайфстайл     0.1667    0.0909    0.1176        11
                лингвистика     0.6500    0.9286    0.7647        14
                 литература     0.7500    0.8000    0.7742        15
                   медицина     0.6429    0.8182    0.7200        11
         медицинские советы     0.0000    0.0000    0.0000         4
                       мемы     0.5000    0.6667    0.5714         6
      методика преподавания     0.3333    0.2000    0.2500         5
                   механика     1.0000    0.6667    0.8000         3
               мода и стиль     0.5000    0.6471    0.5641        17
                  мотивация     0.0000    0.0000    0.0000         4
                     музыка     0.6522    0.8824    0.7500        17
        народное творчество     0.0000    0.0000    0.0000         6
образовательная организация     0.2857    0.3636    0.3200        11
  образовательные платформы     0.0000    0.0000    0.0000         3
                    общение     0.3103    0.5000    0.3830        18
             окружающий мир     0.2500    0.2000    0.2222         5
               онлайн-курсы     0.5000    0.5000    0.5000         4
                  отношения     0.6667    0.4000    0.5000         5
            охота и рыбалка     1.0000    1.0000    1.0000         5
                 педагогика     0.1250    0.1250    0.1250         8
     подготовка к экзаменам     0.5714    0.5714    0.5714         7
             политика и СМИ     0.4286    0.3750    0.4000         8
           популярная наука     0.8000    0.6667    0.7273         6
        предпринимательство     0.2857    0.2857    0.2857         7
           программирование     0.5714    0.5714    0.5714         7
                 психология     0.3636    0.5000    0.4211         8
                путешествия     0.8095    0.7727    0.7907        22
    развлекательный контент     0.2000    0.2500    0.2222         8
                   растения     0.6000    0.4286    0.5000         7
             религиоведение     0.8889    0.7273    0.8000        11
              репетиторство     0.0000    0.0000    0.0000         3
              робототехника     0.6667    0.5000    0.5714         4
            самообразование     0.0000    0.0000    0.0000         3
             сельская жизнь     0.0000    0.0000    0.0000         2
                 социология     0.5000    0.1250    0.2000         8
                      спорт     0.5000    0.6364    0.5600        11
               театр и кино     0.6154    0.7273    0.6667        11
          тело и физиология     0.4286    0.6000    0.5000         5
             техника и авто     0.8182    0.8182    0.8182        11
                 технологии     0.0000    0.0000    0.0000         6
                 управление     0.1667    0.2500    0.2000         4
                урбанистика     0.3333    0.2222    0.2667         9
              уход за собой     0.5455    0.7500    0.6316         8
     фермерство и агрономия     0.5385    0.5833    0.5600        12
                  философия     0.3000    0.4286    0.3529         7
           фильмы и сериалы     0.7273    0.6154    0.6667        13
           фитнес и питание     0.3846    0.4167    0.4000        12
              фото и дизайн     0.5333    0.7273    0.6154        11
          хобби и увлечения     0.3529    0.2857    0.3158        21
             цитаты и мысли     0.6000    0.5000    0.5455         6
          школьные предметы     0.0000    0.0000    0.0000         3
                   экология     0.3333    0.5000    0.4000         2
                  экономика     0.5000    0.3333    0.4000         3
                электроника     0.6250    0.6250    0.6250         8
              юриспруденция     0.7500    0.6000    0.6667         5

                   accuracy                         0.4823       593
                  macro avg     0.4338    0.4250    0.4173       593
               weighted avg     0.4678    0.4823    0.4650       593

2025-06-15 18:33:20,582 | INFO     | pipeline | 
=== Кластеры ===
                                 precision    recall  f1-score   support

             Гуманитарные науки     0.6974    0.8413    0.7626        63
   Инженерное дело и технологии     0.6579    0.5814    0.6173        43
           Искусство и культура     0.7143    0.7282    0.7212       103
Математика и естественные науки     0.6000    0.4800    0.5333        25
            Медицина и здоровье     0.6316    0.7385    0.6809        65
       Образование и педагогика     0.6923    0.5745    0.6279        47
                 Общие интересы     0.6358    0.6561    0.6458       157
             Сельское хозяйство     0.8235    0.7568    0.7887        37
               Социальные науки     0.5814    0.4717    0.5208        53

                       accuracy                         0.6678       593
                      macro avg     0.6705    0.6476    0.6554       593
                   weighted avg     0.6669    0.6678    0.6647       593

2025-06-15 18:33:20,582 | INFO     | pipeline | Точность на кластерах: 0.6678
2025-06-15 18:33:20,582 | INFO     | pipeline | Проверка классификатора: svm_rbf
2025-06-15 18:33:22,930 | INFO     | pipeline | 
=== Темы ===
                             precision    recall  f1-score   support

               авиастроение     0.0000    0.0000    0.0000         3
    альтернативная медицина     0.0000    0.0000    0.0000         3
                 археология     0.6667    0.6667    0.6667         3
            бизнес-страница     0.2759    0.6667    0.3902        36
        благотворительность     1.0000    0.3333    0.5000         3
       визуальное искусство     0.6000    0.4286    0.5000         7
     государственная служба     0.5000    0.5000    0.5000         6
                   живопись     1.0000    0.5000    0.6667         6
           животные и птицы     0.8889    0.8889    0.8889         9
                   здоровье     0.0000    0.0000    0.0000         3
                 знакомства     0.0000    0.0000    0.0000         3
             игры и геймдев     0.5000    0.5000    0.5000         6
         инженерные системы     1.0000    0.2000    0.3333         5
    искусственный интеллект     0.0000    0.0000    0.0000         2
                    история     0.5000    0.5714    0.5333         7
                     космос     0.0000    0.0000    0.0000         2
            кулинария и еда     0.6111    0.6471    0.6286        17
        культура и общество     0.3043    0.4667    0.3684        15
              культурология     0.0000    0.0000    0.0000         6
                  лайфстайл     0.0000    0.0000    0.0000        11
                лингвистика     0.5455    0.8571    0.6667        14
                 литература     0.6190    0.8667    0.7222        15
                   медицина     0.6667    0.9091    0.7692        11
         медицинские советы     0.0000    0.0000    0.0000         4
                       мемы     0.5000    0.3333    0.4000         6
      методика преподавания     0.0000    0.0000    0.0000         5
                   механика     0.0000    0.0000    0.0000         3
               мода и стиль     0.6364    0.8235    0.7179        17
                  мотивация     0.0000    0.0000    0.0000         4
                     музыка     0.5769    0.8824    0.6977        17
        народное творчество     0.0000    0.0000    0.0000         6
образовательная организация     0.4231    1.0000    0.5946        11
  образовательные платформы     0.0000    0.0000    0.0000         3
                    общение     0.3235    0.6111    0.4231        18
             окружающий мир     0.0000    0.0000    0.0000         5
               онлайн-курсы     1.0000    0.2500    0.4000         4
                  отношения     0.6667    0.4000    0.5000         5
            охота и рыбалка     1.0000    1.0000    1.0000         5
                 педагогика     0.1667    0.1250    0.1429         8
     подготовка к экзаменам     0.6667    0.5714    0.6154         7
             политика и СМИ     0.5000    0.3750    0.4286         8
           популярная наука     0.6667    0.3333    0.4444         6
        предпринимательство     0.4286    0.4286    0.4286         7
           программирование     0.5000    0.2857    0.3636         7
                 психология     0.5000    0.7500    0.6000         8
                путешествия     0.7826    0.8182    0.8000        22
    развлекательный контент     0.3750    0.3750    0.3750         8
                   растения     1.0000    0.7143    0.8333         7
             религиоведение     0.8889    0.7273    0.8000        11
              репетиторство     0.0000    0.0000    0.0000         3
              робототехника     0.6667    0.5000    0.5714         4
            самообразование     0.0000    0.0000    0.0000         3
             сельская жизнь     0.0000    0.0000    0.0000         2
                 социология     1.0000    0.1250    0.2222         8
                      спорт     0.4615    0.5455    0.5000        11
               театр и кино     0.6429    0.8182    0.7200        11
          тело и физиология     0.0000    0.0000    0.0000         5
             техника и авто     0.8182    0.8182    0.8182        11
                 технологии     0.3333    0.1667    0.2222         6
                 управление     0.0000    0.0000    0.0000         4
                урбанистика     0.3333    0.1111    0.1667         9
              уход за собой     0.7143    0.6250    0.6667         8
     фермерство и агрономия     0.6154    0.6667    0.6400        12
                  философия     0.3000    0.4286    0.3529         7
           фильмы и сериалы     0.6667    0.6154    0.6400        13
           фитнес и питание     0.4286    0.5000    0.4615        12
              фото и дизайн     0.5000    0.6364    0.5600        11
          хобби и увлечения     0.3889    0.3333    0.3590        21
             цитаты и мысли     0.5000    0.1667    0.2500         6
          школьные предметы     0.0000    0.0000    0.0000         3
                   экология     0.0000    0.0000    0.0000         2
                  экономика     0.0000    0.0000    0.0000         3
                электроника     0.8000    0.5000    0.6154         8
              юриспруденция     0.7500    0.6000    0.6667         5

                   accuracy                         0.5093       593
                  macro avg     0.4216    0.3779    0.3734       593
               weighted avg     0.4847    0.5093    0.4692       593

2025-06-15 18:33:22,939 | INFO     | pipeline | 
=== Кластеры ===
                                 precision    recall  f1-score   support

             Гуманитарные науки     0.6438    0.7460    0.6912        63
   Инженерное дело и технологии     0.7931    0.5349    0.6389        43
           Искусство и культура     0.7143    0.8252    0.7658       103
Математика и естественные науки     0.7143    0.2000    0.3125        25
            Медицина и здоровье     0.7419    0.7077    0.7244        65
       Образование и педагогика     0.6667    0.5957    0.6292        47
                 Общие интересы     0.6020    0.7707    0.6760       157
             Сельское хозяйство     0.9062    0.7838    0.8406        37
               Социальные науки     0.8214    0.4340    0.5679        53

                       accuracy                         0.6863       593
                      macro avg     0.7338    0.6220    0.6496       593
                   weighted avg     0.7036    0.6863    0.6774       593

2025-06-15 18:33:22,939 | INFO     | pipeline | Точность на кластерах: 0.6863
2025-06-15 18:33:22,939 | INFO     | pipeline | Проверка эмбеддингов: labse
2025-06-15 18:33:22,941 | INFO     | sentence_transformers.SentenceTransformer | Load pretrained SentenceTransformer: sentence-transformers/LaBSE
2025-06-15 18:34:55,663 | INFO     | pipeline | Эмбеддинги SentenceTransformer: 92.72 сек
2025-06-15 18:34:55,665 | INFO     | sentence_transformers.SentenceTransformer | Load pretrained SentenceTransformer: sentence-transformers/LaBSE
2025-06-15 18:36:02,632 | INFO     | pipeline | Эмбеддинги SentenceTransformer: 66.97 сек
2025-06-15 18:36:02,656 | INFO     | pipeline | Проверка классификатора: logreg_tuned
2025-06-15 18:36:44,255 | INFO     | pipeline | Оптимизация классификатора: 41.60 сек
2025-06-15 18:36:45,216 | INFO     | pipeline | 
=== Темы ===
                             precision    recall  f1-score   support

               авиастроение     0.6667    0.6667    0.6667         3
    альтернативная медицина     0.0000    0.0000    0.0000         3
                 археология     0.6667    0.6667    0.6667         3
            бизнес-страница     0.2745    0.3889    0.3218        36
        благотворительность     0.5000    0.3333    0.4000         3
       визуальное искусство     0.4286    0.4286    0.4286         7
     государственная служба     0.6667    0.6667    0.6667         6
                   живопись     0.4000    0.3333    0.3636         6
           животные и птицы     0.6250    0.5556    0.5882         9
                   здоровье     0.0000    0.0000    0.0000         3
                 знакомства     0.0000    0.0000    0.0000         3
             игры и геймдев     0.7500    0.5000    0.6000         6
         инженерные системы     0.1667    0.2000    0.1818         5
    искусственный интеллект     1.0000    0.5000    0.6667         2
                    история     0.5000    0.5714    0.5333         7
                     космос     0.0000    0.0000    0.0000         2
            кулинария и еда     0.5500    0.6471    0.5946        17
        культура и общество     0.3125    0.3333    0.3226        15
              культурология     0.0000    0.0000    0.0000         6
                  лайфстайл     0.0000    0.0000    0.0000        11
                лингвистика     0.5217    0.8571    0.6486        14
                 литература     0.6500    0.8667    0.7429        15
                   медицина     0.7692    0.9091    0.8333        11
         медицинские советы     1.0000    0.2500    0.4000         4
                       мемы     0.6667    0.3333    0.4444         6
      методика преподавания     0.0000    0.0000    0.0000         5
                   механика     1.0000    0.3333    0.5000         3
               мода и стиль     0.5238    0.6471    0.5789        17
                  мотивация     0.5000    0.2500    0.3333         4
                     музыка     0.8095    1.0000    0.8947        17
        народное творчество     0.5000    0.3333    0.4000         6
образовательная организация     0.3750    0.5455    0.4444        11
  образовательные платформы     0.0000    0.0000    0.0000         3
                    общение     0.4000    0.4444    0.4211        18
             окружающий мир     0.3333    0.2000    0.2500         5
               онлайн-курсы     1.0000    0.5000    0.6667         4
                  отношения     0.5000    0.4000    0.4444         5
            охота и рыбалка     1.0000    1.0000    1.0000         5
                 педагогика     0.3333    0.2500    0.2857         8
     подготовка к экзаменам     0.5714    0.5714    0.5714         7
             политика и СМИ     0.4286    0.3750    0.4000         8
           популярная наука     0.5000    0.3333    0.4000         6
        предпринимательство     0.4000    0.2857    0.3333         7
           программирование     0.6667    0.2857    0.4000         7
                 психология     0.3846    0.6250    0.4762         8
                путешествия     0.7500    0.6818    0.7143        22
    развлекательный контент     0.2500    0.2500    0.2500         8
                   растения     1.0000    0.8571    0.9231         7
             религиоведение     0.8889    0.7273    0.8000        11
              репетиторство     0.0000    0.0000    0.0000         3
              робототехника     0.5714    1.0000    0.7273         4
            самообразование     0.0000    0.0000    0.0000         3
             сельская жизнь     0.0000    0.0000    0.0000         2
                 социология     0.4286    0.3750    0.4000         8
                      спорт     0.3571    0.4545    0.4000        11
               театр и кино     0.6364    0.6364    0.6364        11
          тело и физиология     0.5000    0.6000    0.5455         5
             техника и авто     1.0000    0.7273    0.8421        11
                 технологии     0.0000    0.0000    0.0000         6
                 управление     0.1667    0.2500    0.2000         4
                урбанистика     0.2000    0.1111    0.1429         9
              уход за собой     0.5000    0.6250    0.5556         8
     фермерство и агрономия     0.6154    0.6667    0.6400        12
                  философия     0.1429    0.1429    0.1429         7
           фильмы и сериалы     0.7273    0.6154    0.6667        13
           фитнес и питание     0.4118    0.5833    0.4828        12
              фото и дизайн     0.4706    0.7273    0.5714        11
          хобби и увлечения     0.3529    0.2857    0.3158        21
             цитаты и мысли     0.5714    0.6667    0.6154         6
          школьные предметы     0.0000    0.0000    0.0000         3
                   экология     1.0000    0.5000    0.6667         2
                  экономика     0.5000    0.3333    0.4000         3
                электроника     0.6667    0.5000    0.5714         8
              юриспруденция     0.6667    0.8000    0.7273         5

                   accuracy                         0.4924       593
                  macro avg     0.4691    0.4257    0.4298       593
               weighted avg     0.4898    0.4924    0.4783       593

2025-06-15 18:36:45,225 | INFO     | pipeline | 
=== Кластеры ===
                                 precision    recall  f1-score   support

             Гуманитарные науки     0.6026    0.7460    0.6667        63
   Инженерное дело и технологии     0.6098    0.5814    0.5952        43
           Искусство и культура     0.6726    0.7379    0.7037       103
Математика и естественные науки     0.5385    0.2800    0.3684        25
            Медицина и здоровье     0.6400    0.7385    0.6857        65
       Образование и педагогика     0.6857    0.5106    0.5854        47
                 Общие интересы     0.6478    0.6561    0.6519       157
             Сельское хозяйство     0.8182    0.7297    0.7714        37
               Социальные науки     0.6522    0.5660    0.6061        53

                       accuracy                         0.6526       593
                      macro avg     0.6519    0.6162    0.6261       593
                   weighted avg     0.6531    0.6526    0.6482       593

2025-06-15 18:36:45,226 | INFO     | pipeline | Точность на кластерах: 0.6526
2025-06-15 18:36:45,226 | INFO     | pipeline | Проверка классификатора: logreg_default
2025-06-15 18:36:46,288 | INFO     | pipeline | 
=== Темы ===
                             precision    recall  f1-score   support

               авиастроение     1.0000    0.3333    0.5000         3
    альтернативная медицина     0.2000    0.3333    0.2500         3
                 археология     0.6000    1.0000    0.7500         3
            бизнес-страница     0.2917    0.3889    0.3333        36
        благотворительность     1.0000    0.3333    0.5000         3
       визуальное искусство     0.3750    0.4286    0.4000         7
     государственная служба     0.5000    0.3333    0.4000         6
                   живопись     0.4286    0.5000    0.4615         6
           животные и птицы     0.5000    0.3333    0.4000         9
                   здоровье     0.0000    0.0000    0.0000         3
                 знакомства     0.0000    0.0000    0.0000         3
             игры и геймдев     0.5000    0.1667    0.2500         6
         инженерные системы     0.2500    0.2000    0.2222         5
    искусственный интеллект     0.3333    0.5000    0.4000         2
                    история     0.5000    0.5714    0.5333         7
                     космос     0.0000    0.0000    0.0000         2
            кулинария и еда     0.5263    0.5882    0.5556        17
        культура и общество     0.2000    0.2667    0.2286        15
              культурология     0.0000    0.0000    0.0000         6
                  лайфстайл     0.0000    0.0000    0.0000        11
                лингвистика     0.5556    0.7143    0.6250        14
                 литература     0.6500    0.8667    0.7429        15
                   медицина     0.8000    0.7273    0.7619        11
         медицинские советы     1.0000    0.2500    0.4000         4
                       мемы     0.3333    0.1667    0.2222         6
      методика преподавания     0.0000    0.0000    0.0000         5
                   механика     1.0000    0.6667    0.8000         3
               мода и стиль     0.4545    0.5882    0.5128        17
                  мотивация     0.2500    0.2500    0.2500         4
                     музыка     0.7368    0.8235    0.7778        17
        народное творчество     0.2857    0.3333    0.3077         6
образовательная организация     0.3125    0.4545    0.3704        11
  образовательные платформы     0.0000    0.0000    0.0000         3
                    общение     0.2917    0.3889    0.3333        18
             окружающий мир     0.0000    0.0000    0.0000         5
               онлайн-курсы     0.5000    0.5000    0.5000         4
                  отношения     0.6667    0.4000    0.5000         5
            охота и рыбалка     1.0000    1.0000    1.0000         5
                 педагогика     0.2857    0.2500    0.2667         8
     подготовка к экзаменам     0.5714    0.5714    0.5714         7
             политика и СМИ     0.2500    0.2500    0.2500         8
           популярная наука     0.5000    0.3333    0.4000         6
        предпринимательство     0.6667    0.2857    0.4000         7
           программирование     0.3333    0.1429    0.2000         7
                 психология     0.1818    0.2500    0.2105         8
                путешествия     0.7000    0.6364    0.6667        22
    развлекательный контент     0.1111    0.1250    0.1176         8
                   растения     0.7500    0.8571    0.8000         7
             религиоведение     1.0000    0.4545    0.6250        11
              репетиторство     0.0000    0.0000    0.0000         3
              робототехника     0.5000    0.7500    0.6000         4
            самообразование     0.0000    0.0000    0.0000         3
             сельская жизнь     0.0000    0.0000    0.0000         2
                 социология     0.4286    0.3750    0.4000         8
                      спорт     0.3077    0.3636    0.3333        11
               театр и кино     0.6250    0.4545    0.5263        11
          тело и физиология     0.5000    0.6000    0.5455         5
             техника и авто     1.0000    0.7273    0.8421        11
                 технологии     0.0000    0.0000    0.0000         6
                 управление     0.0000    0.0000    0.0000         4
                урбанистика     0.2000    0.2222    0.2105         9
              уход за собой     0.4545    0.6250    0.5263         8
     фермерство и агрономия     0.5714    0.6667    0.6154        12
                  философия     0.0000    0.0000    0.0000         7
           фильмы и сериалы     0.7778    0.5385    0.6364        13
           фитнес и питание     0.4667    0.5833    0.5185        12
              фото и дизайн     0.4286    0.5455    0.4800        11
          хобби и увлечения     0.3077    0.1905    0.2353        21
             цитаты и мысли     0.3333    0.5000    0.4000         6
          школьные предметы     0.0000    0.0000    0.0000         3
                   экология     1.0000    0.5000    0.6667         2
                  экономика     0.5000    0.3333    0.4000         3
                электроника     0.6667    0.5000    0.5714         8
              юриспруденция     0.6667    0.8000    0.7273         5

                   accuracy                         0.4283       593
                  macro avg     0.4206    0.3762    0.3788       593
               weighted avg     0.4453    0.4283    0.4223       593

2025-06-15 18:36:46,297 | INFO     | pipeline | 
=== Кластеры ===
                                 precision    recall  f1-score   support

             Гуманитарные науки     0.5942    0.6508    0.6212        63
   Инженерное дело и технологии     0.6176    0.4884    0.5455        43
           Искусство и культура     0.6228    0.6893    0.6544       103
Математика и естественные науки     0.4000    0.2400    0.3000        25
            Медицина и здоровье     0.6027    0.6769    0.6377        65
       Образование и педагогика     0.6190    0.5532    0.5843        47
                 Общие интересы     0.6135    0.6369    0.6250       157
             Сельское хозяйство     0.7353    0.6757    0.7042        37
               Социальные науки     0.5714    0.5283    0.5490        53

                       accuracy                         0.6105       593
                      macro avg     0.5974    0.5711    0.5801       593
                   weighted avg     0.6075    0.6105    0.6065       593

2025-06-15 18:36:46,297 | INFO     | pipeline | Точность на кластерах: 0.6105
2025-06-15 18:36:46,297 | INFO     | pipeline | Проверка классификатора: random_forest
2025-06-15 18:38:16,485 | INFO     | pipeline | Оптимизация классификатора: 90.19 сек
2025-06-15 18:38:19,905 | INFO     | pipeline | 
=== Темы ===
                             precision    recall  f1-score   support

               авиастроение     0.0000    0.0000    0.0000         3
    альтернативная медицина     0.0000    0.0000    0.0000         3
                 археология     0.0000    0.0000    0.0000         3
            бизнес-страница     0.1782    0.8611    0.2952        36
        благотворительность     0.0000    0.0000    0.0000         3
       визуальное искусство     0.0000    0.0000    0.0000         7
     государственная служба     1.0000    0.1667    0.2857         6
                   живопись     0.3333    0.1667    0.2222         6
           животные и птицы     1.0000    0.2222    0.3636         9
                   здоровье     0.0000    0.0000    0.0000         3
                 знакомства     0.0000    0.0000    0.0000         3
             игры и геймдев     1.0000    0.1667    0.2857         6
         инженерные системы     0.0000    0.0000    0.0000         5
    искусственный интеллект     0.0000    0.0000    0.0000         2
                    история     1.0000    0.1429    0.2500         7
                     космос     0.0000    0.0000    0.0000         2
            кулинария и еда     0.4545    0.5882    0.5128        17
        культура и общество     0.3125    0.3333    0.3226        15
              культурология     0.0000    0.0000    0.0000         6
                  лайфстайл     0.0000    0.0000    0.0000        11
                лингвистика     0.3333    0.6429    0.4390        14
                 литература     0.4286    0.8000    0.5581        15
                   медицина     0.6667    0.9091    0.7692        11
         медицинские советы     0.0000    0.0000    0.0000         4
                       мемы     0.0000    0.0000    0.0000         6
      методика преподавания     0.0000    0.0000    0.0000         5
                   механика     0.0000    0.0000    0.0000         3
               мода и стиль     0.5556    0.2941    0.3846        17
                  мотивация     0.0000    0.0000    0.0000         4
                     музыка     0.6154    0.9412    0.7442        17
        народное творчество     0.0000    0.0000    0.0000         6
образовательная организация     0.4091    0.8182    0.5455        11
  образовательные платформы     0.0000    0.0000    0.0000         3
                    общение     0.3333    0.5556    0.4167        18
             окружающий мир     0.0000    0.0000    0.0000         5
               онлайн-курсы     0.0000    0.0000    0.0000         4
                  отношения     1.0000    0.2000    0.3333         5
            охота и рыбалка     1.0000    0.4000    0.5714         5
                 педагогика     0.2500    0.1250    0.1667         8
     подготовка к экзаменам     0.7500    0.4286    0.5455         7
             политика и СМИ     0.5000    0.1250    0.2000         8
           популярная наука     0.0000    0.0000    0.0000         6
        предпринимательство     0.0000    0.0000    0.0000         7
           программирование     0.6667    0.2857    0.4000         7
                 психология     0.4444    0.5000    0.4706         8
                путешествия     0.3878    0.8636    0.5352        22
    развлекательный контент     1.0000    0.1250    0.2222         8
                   растения     0.0000    0.0000    0.0000         7
             религиоведение     0.7273    0.7273    0.7273        11
              репетиторство     0.0000    0.0000    0.0000         3
              робототехника     0.0000    0.0000    0.0000         4
            самообразование     0.0000    0.0000    0.0000         3
             сельская жизнь     0.0000    0.0000    0.0000         2
                 социология     0.5000    0.1250    0.2000         8
                      спорт     0.2500    0.1818    0.2105        11
               театр и кино     0.7778    0.6364    0.7000        11
          тело и физиология     0.0000    0.0000    0.0000         5
             техника и авто     0.7778    0.6364    0.7000        11
                 технологии     0.0000    0.0000    0.0000         6
                 управление     0.0000    0.0000    0.0000         4
                урбанистика     0.0000    0.0000    0.0000         9
              уход за собой     0.3333    0.1250    0.1818         8
     фермерство и агрономия     0.5000    0.4167    0.4545        12
                  философия     1.0000    0.1429    0.2500         7
           фильмы и сериалы     0.5625    0.6923    0.6207        13
           фитнес и питание     0.6667    0.5000    0.5714        12
              фото и дизайн     0.4167    0.4545    0.4348        11
          хобби и увлечения     0.1429    0.2381    0.1786        21
             цитаты и мысли     0.0000    0.0000    0.0000         6
          школьные предметы     0.0000    0.0000    0.0000         3
                   экология     0.0000    0.0000    0.0000         2
                  экономика     0.0000    0.0000    0.0000         3
                электроника     1.0000    0.1250    0.2222         8
              юриспруденция     0.0000    0.0000    0.0000         5

                   accuracy                         0.3626       593
                  macro avg     0.3010    0.2117    0.2066       593
               weighted avg     0.3745    0.3626    0.3073       593

2025-06-15 18:38:19,914 | INFO     | pipeline | 
=== Кластеры ===
                                 precision    recall  f1-score   support

             Гуманитарные науки     0.5571    0.6190    0.5865        63
   Инженерное дело и технологии     0.7500    0.2093    0.3273        43
           Искусство и культура     0.6374    0.5631    0.5979       103
Математика и естественные науки     0.5000    0.0800    0.1379        25
            Медицина и здоровье     0.7500    0.5077    0.6055        65
       Образование и педагогика     0.6774    0.4468    0.5385        47
                 Общие интересы     0.4138    0.8408    0.5546       157
             Сельское хозяйство     0.7857    0.2973    0.4314        37
               Социальные науки     0.6250    0.0943    0.1639        53

                       accuracy                         0.5228       593
                      macro avg     0.6329    0.4065    0.4382       593
                   weighted avg     0.5957    0.5228    0.4932       593

2025-06-15 18:38:19,914 | INFO     | pipeline | Точность на кластерах: 0.5228
2025-06-15 18:38:19,914 | INFO     | pipeline | Проверка классификатора: svm_linear
2025-06-15 18:38:21,114 | INFO     | pipeline | 
=== Темы ===
                             precision    recall  f1-score   support

               авиастроение     0.6667    0.6667    0.6667         3
    альтернативная медицина     0.2000    0.3333    0.2500         3
                 археология     0.4000    0.6667    0.5000         3
            бизнес-страница     0.2667    0.3333    0.2963        36
        благотворительность     0.2000    0.3333    0.2500         3
       визуальное искусство     0.2727    0.4286    0.3333         7
     государственная служба     0.4000    0.3333    0.3636         6
                   живопись     0.4286    0.5000    0.4615         6
           животные и птицы     0.8571    0.6667    0.7500         9
                   здоровье     0.0000    0.0000    0.0000         3
                 знакомства     0.3333    0.3333    0.3333         3
             игры и геймдев     0.5714    0.6667    0.6154         6
         инженерные системы     0.3333    0.4000    0.3636         5
    искусственный интеллект     1.0000    0.5000    0.6667         2
                    история     0.6000    0.8571    0.7059         7
                     космос     0.0000    0.0000    0.0000         2
            кулинария и еда     0.4500    0.5294    0.4865        17
        культура и общество     0.1111    0.1333    0.1212        15
              культурология     0.2857    0.3333    0.3077         6
                  лайфстайл     0.1818    0.1818    0.1818        11
                лингвистика     0.5789    0.7857    0.6667        14
                 литература     0.7222    0.8667    0.7879        15
                   медицина     0.7000    0.6364    0.6667        11
         медицинские советы     0.2500    0.2500    0.2500         4
                       мемы     0.2500    0.1667    0.2000         6
      методика преподавания     0.4000    0.4000    0.4000         5
                   механика     1.0000    0.3333    0.5000         3
               мода и стиль     0.5556    0.5882    0.5714        17
                  мотивация     0.3333    0.2500    0.2857         4
                     музыка     0.7500    0.7059    0.7273        17
        народное творчество     0.5000    0.3333    0.4000         6
образовательная организация     0.4545    0.4545    0.4545        11
  образовательные платформы     0.0000    0.0000    0.0000         3
                    общение     0.3333    0.3333    0.3333        18
             окружающий мир     0.2500    0.2000    0.2222         5
               онлайн-курсы     0.7500    0.7500    0.7500         4
                  отношения     0.6667    0.4000    0.5000         5
            охота и рыбалка     0.8333    1.0000    0.9091         5
                 педагогика     0.2000    0.1250    0.1538         8
     подготовка к экзаменам     0.5714    0.5714    0.5714         7
             политика и СМИ     0.5000    0.3750    0.4286         8
           популярная наука     0.5000    0.1667    0.2500         6
        предпринимательство     0.2857    0.2857    0.2857         7
           программирование     0.6667    0.2857    0.4000         7
                 психология     0.2500    0.3750    0.3000         8
                путешествия     0.6316    0.5455    0.5854        22
    развлекательный контент     0.1538    0.2500    0.1905         8
                   растения     1.0000    0.7143    0.8333         7
             религиоведение     0.8000    0.7273    0.7619        11
              репетиторство     0.0000    0.0000    0.0000         3
              робототехника     0.6667    1.0000    0.8000         4
            самообразование     0.0000    0.0000    0.0000         3
             сельская жизнь     0.0000    0.0000    0.0000         2
                 социология     0.4000    0.2500    0.3077         8
                      спорт     0.3571    0.4545    0.4000        11
               театр и кино     0.4545    0.4545    0.4545        11
          тело и физиология     0.4286    0.6000    0.5000         5
             техника и авто     1.0000    0.7273    0.8421        11
                 технологии     0.1250    0.1667    0.1429         6
                 управление     0.5000    0.5000    0.5000         4
                урбанистика     0.1429    0.1111    0.1250         9
              уход за собой     0.4545    0.6250    0.5263         8
     фермерство и агрономия     0.6154    0.6667    0.6400        12
                  философия     0.1667    0.1429    0.1538         7
           фильмы и сериалы     0.8000    0.6154    0.6957        13
           фитнес и питание     0.5833    0.5833    0.5833        12
              фото и дизайн     0.4000    0.3636    0.3810        11
          хобби и увлечения     0.2308    0.1429    0.1765        21
             цитаты и мысли     0.5000    0.5000    0.5000         6
          школьные предметы     0.0000    0.0000    0.0000         3
                   экология     0.3333    0.5000    0.4000         2
                  экономика     0.3333    0.3333    0.3333         3
                электроника     0.5714    0.5000    0.5333         8
              юриспруденция     0.6667    0.8000    0.7273         5

                   accuracy                         0.4503       593
                  macro avg     0.4348    0.4204    0.4157       593
               weighted avg     0.4602    0.4503    0.4465       593

2025-06-15 18:38:21,123 | INFO     | pipeline | 
=== Кластеры ===
                                 precision    recall  f1-score   support

             Гуманитарные науки     0.6800    0.8095    0.7391        63
   Инженерное дело и технологии     0.6000    0.6279    0.6136        43
           Искусство и культура     0.6476    0.6602    0.6538       103
Математика и естественные науки     0.5833    0.2800    0.3784        25
            Медицина и здоровье     0.6234    0.7385    0.6761        65
       Образование и педагогика     0.6667    0.5532    0.6047        47
                 Общие интересы     0.5886    0.5924    0.5905       157
             Сельское хозяйство     0.7941    0.7297    0.7606        37
               Социальные науки     0.5625    0.5094    0.5347        53

                       accuracy                         0.6307       593
                      macro avg     0.6385    0.6112    0.6168       593
                   weighted avg     0.6297    0.6307    0.6261       593

2025-06-15 18:38:21,123 | INFO     | pipeline | Точность на кластерах: 0.6307
2025-06-15 18:38:21,123 | INFO     | pipeline | Проверка классификатора: svm_rbf
2025-06-15 18:38:22,928 | INFO     | pipeline | 
=== Темы ===
                             precision    recall  f1-score   support

               авиастроение     0.0000    0.0000    0.0000         3
    альтернативная медицина     0.0000    0.0000    0.0000         3
                 археология     0.0000    0.0000    0.0000         3
            бизнес-страница     0.2252    0.6944    0.3401        36
        благотворительность     0.0000    0.0000    0.0000         3
       визуальное искусство     0.5000    0.4286    0.4615         7
     государственная служба     0.5000    0.5000    0.5000         6
                   живопись     1.0000    0.1667    0.2857         6
           животные и птицы     0.8571    0.6667    0.7500         9
                   здоровье     0.0000    0.0000    0.0000         3
                 знакомства     0.0000    0.0000    0.0000         3
             игры и геймдев     1.0000    0.5000    0.6667         6
         инженерные системы     1.0000    0.2000    0.3333         5
    искусственный интеллект     0.0000    0.0000    0.0000         2
                    история     0.5714    0.5714    0.5714         7
                     космос     0.0000    0.0000    0.0000         2
            кулинария и еда     0.6316    0.7059    0.6667        17
        культура и общество     0.2333    0.4667    0.3111        15
              культурология     0.0000    0.0000    0.0000         6
                  лайфстайл     0.0000    0.0000    0.0000        11
                лингвистика     0.5000    0.8571    0.6316        14
                 литература     0.6190    0.8667    0.7222        15
                   медицина     0.7143    0.9091    0.8000        11
         медицинские советы     0.0000    0.0000    0.0000         4
                       мемы     0.5000    0.3333    0.4000         6
      методика преподавания     0.0000    0.0000    0.0000         5
                   механика     0.0000    0.0000    0.0000         3
               мода и стиль     0.6471    0.6471    0.6471        17
                  мотивация     0.0000    0.0000    0.0000         4
                     музыка     0.6818    0.8824    0.7692        17
        народное творчество     1.0000    0.1667    0.2857         6
образовательная организация     0.3913    0.8182    0.5294        11
  образовательные платформы     0.0000    0.0000    0.0000         3
                    общение     0.3667    0.6111    0.4583        18
             окружающий мир     0.0000    0.0000    0.0000         5
               онлайн-курсы     1.0000    0.2500    0.4000         4
                  отношения     0.5000    0.4000    0.4444         5
            охота и рыбалка     1.0000    1.0000    1.0000         5
                 педагогика     0.2000    0.1250    0.1538         8
     подготовка к экзаменам     0.6000    0.4286    0.5000         7
             политика и СМИ     0.3333    0.2500    0.2857         8
           популярная наука     0.5000    0.1667    0.2500         6
        предпринимательство     0.6667    0.2857    0.4000         7
           программирование     0.6667    0.2857    0.4000         7
                 психология     0.4000    0.7500    0.5217         8
                путешествия     0.8182    0.8182    0.8182        22
    развлекательный контент     0.3333    0.2500    0.2857         8
                   растения     1.0000    0.5714    0.7273         7
             религиоведение     0.8750    0.6364    0.7368        11
              репетиторство     0.0000    0.0000    0.0000         3
              робототехника     0.8000    1.0000    0.8889         4
            самообразование     0.0000    0.0000    0.0000         3
             сельская жизнь     0.0000    0.0000    0.0000         2
                 социология     1.0000    0.1250    0.2222         8
                      спорт     0.4545    0.4545    0.4545        11
               театр и кино     0.8889    0.7273    0.8000        11
          тело и физиология     0.0000    0.0000    0.0000         5
             техника и авто     1.0000    0.7273    0.8421        11
                 технологии     0.3333    0.1667    0.2222         6
                 управление     0.0000    0.0000    0.0000         4
                урбанистика     0.5000    0.1111    0.1818         9
              уход за собой     0.6250    0.6250    0.6250         8
     фермерство и агрономия     0.6364    0.5833    0.6087        12
                  философия     0.3750    0.4286    0.4000         7
           фильмы и сериалы     0.8000    0.6154    0.6957        13
           фитнес и питание     0.5385    0.5833    0.5600        12
              фото и дизайн     0.5385    0.6364    0.5833        11
          хобби и увлечения     0.3333    0.5238    0.4074        21
             цитаты и мысли     0.3333    0.1667    0.2222         6
          школьные предметы     0.0000    0.0000    0.0000         3
                   экология     0.0000    0.0000    0.0000         2
                  экономика     0.0000    0.0000    0.0000         3
                электроника     1.0000    0.6250    0.7692         8
              юриспруденция     0.5000    0.4000    0.4444         5

                   accuracy                         0.4874       593
                  macro avg     0.4255    0.3474    0.3511       593
               weighted avg     0.5026    0.4874    0.4568       593

2025-06-15 18:38:22,937 | INFO     | pipeline | 
=== Кластеры ===
                                 precision    recall  f1-score   support

             Гуманитарные науки     0.6176    0.6667    0.6412        63
   Инженерное дело и технологии     0.9600    0.5581    0.7059        43
           Искусство и культура     0.7064    0.7476    0.7264       103
Математика и естественные науки     0.6000    0.1200    0.2000        25
            Медицина и здоровье     0.7377    0.6923    0.7143        65
       Образование и педагогика     0.7143    0.5319    0.6098        47
                 Общие интересы     0.5519    0.8471    0.6683       157
             Сельское хозяйство     0.9259    0.6757    0.7812        37
               Социальные науки     0.7727    0.3208    0.4533        53

                       accuracy                         0.6594       593
                      macro avg     0.7318    0.5734    0.6112       593
                   weighted avg     0.6936    0.6594    0.6467       593

2025-06-15 18:38:22,937 | INFO     | pipeline | Точность на кластерах: 0.6594
2025-06-15 18:38:22,937 | INFO     | pipeline | Проверка эмбеддингов: multilingual_e5
2025-06-15 18:38:22,939 | INFO     | sentence_transformers.SentenceTransformer | Load pretrained SentenceTransformer: intfloat/multilingual-e5-large
2025-06-15 18:41:13,342 | INFO     | pipeline | Эмбеддинги SentenceTransformer: 170.40 сек
2025-06-15 18:41:13,345 | INFO     | sentence_transformers.SentenceTransformer | Load pretrained SentenceTransformer: intfloat/multilingual-e5-large
2025-06-15 18:42:04,060 | INFO     | pipeline | Эмбеддинги SentenceTransformer: 50.72 сек
2025-06-15 18:42:04,095 | INFO     | pipeline | Проверка классификатора: logreg_tuned
2025-06-15 18:42:48,004 | INFO     | pipeline | Оптимизация классификатора: 43.91 сек
2025-06-15 18:42:48,670 | INFO     | pipeline | 
=== Темы ===
                             precision    recall  f1-score   support

               авиастроение     0.6667    0.6667    0.6667         3
    альтернативная медицина     0.0000    0.0000    0.0000         3
                 археология     0.6000    1.0000    0.7500         3
            бизнес-страница     0.2308    0.2500    0.2400        36
        благотворительность     0.3333    0.3333    0.3333         3
       визуальное искусство     0.5714    0.5714    0.5714         7
     государственная служба     0.5000    0.5000    0.5000         6
                   живопись     0.4000    0.3333    0.3636         6
           животные и птицы     0.6250    0.5556    0.5882         9
                   здоровье     0.0000    0.0000    0.0000         3
                 знакомства     0.5000    0.3333    0.4000         3
             игры и геймдев     0.6667    0.6667    0.6667         6
         инженерные системы     0.2500    0.2000    0.2222         5
    искусственный интеллект     0.0000    0.0000    0.0000         2
                    история     0.4444    0.5714    0.5000         7
                     космос     0.5000    0.5000    0.5000         2
            кулинария и еда     0.4783    0.6471    0.5500        17
        культура и общество     0.0769    0.0667    0.0714        15
              культурология     0.0000    0.0000    0.0000         6
                  лайфстайл     0.1000    0.0909    0.0952        11
                лингвистика     0.6429    0.6429    0.6429        14
                 литература     0.7059    0.8000    0.7500        15
                   медицина     0.8182    0.8182    0.8182        11
         медицинские советы     1.0000    0.2500    0.4000         4
                       мемы     0.3333    0.3333    0.3333         6
      методика преподавания     0.4000    0.4000    0.4000         5
                   механика     1.0000    0.3333    0.5000         3
               мода и стиль     0.5500    0.6471    0.5946        17
                  мотивация     0.0000    0.0000    0.0000         4
                     музыка     0.7500    0.8824    0.8108        17
        народное творчество     0.4000    0.3333    0.3636         6
образовательная организация     0.3846    0.4545    0.4167        11
  образовательные платформы     0.0000    0.0000    0.0000         3
                    общение     0.3043    0.3889    0.3415        18
             окружающий мир     0.3333    0.2000    0.2500         5
               онлайн-курсы     0.5000    0.5000    0.5000         4
                  отношения     0.5000    0.4000    0.4444         5
            охота и рыбалка     0.8000    0.8000    0.8000         5
                 педагогика     0.4000    0.2500    0.3077         8
     подготовка к экзаменам     0.5556    0.7143    0.6250         7
             политика и СМИ     0.3750    0.3750    0.3750         8
           популярная наука     0.8000    0.6667    0.7273         6
        предпринимательство     0.3000    0.4286    0.3529         7
           программирование     0.8000    0.5714    0.6667         7
                 психология     0.4667    0.8750    0.6087         8
                путешествия     0.7222    0.5909    0.6500        22
    развлекательный контент     0.2000    0.1250    0.1538         8
                   растения     0.6000    0.8571    0.7059         7
             религиоведение     0.8750    0.6364    0.7368        11
              репетиторство     0.0000    0.0000    0.0000         3
              робототехника     0.6000    0.7500    0.6667         4
            самообразование     0.0000    0.0000    0.0000         3
             сельская жизнь     0.0000    0.0000    0.0000         2
                 социология     0.6667    0.2500    0.3636         8
                      спорт     0.5556    0.4545    0.5000        11
               театр и кино     0.6364    0.6364    0.6364        11
          тело и физиология     0.4286    0.6000    0.5000         5
             техника и авто     0.7143    0.9091    0.8000        11
                 технологии     0.1667    0.1667    0.1667         6
                 управление     0.2857    0.5000    0.3636         4
                урбанистика     0.1250    0.1111    0.1176         9
              уход за собой     0.6000    0.7500    0.6667         8
     фермерство и агрономия     0.6250    0.4167    0.5000        12
                  философия     0.2857    0.2857    0.2857         7
           фильмы и сериалы     0.6429    0.6923    0.6667        13
           фитнес и питание     0.4167    0.4167    0.4167        12
              фото и дизайн     0.4667    0.6364    0.5385        11
          хобби и увлечения     0.3158    0.2857    0.3000        21
             цитаты и мысли     0.4444    0.6667    0.5333         6
          школьные предметы     0.5000    0.3333    0.4000         3
                   экология     0.5000    0.5000    0.5000         2
                  экономика     0.0000    0.0000    0.0000         3
                электроника     0.6667    0.7500    0.7059         8
              юриспруденция     0.6667    0.8000    0.7273         5

                   accuracy                         0.4772       593
                  macro avg     0.4428    0.4388    0.4277       593
               weighted avg     0.4694    0.4772    0.4635       593

2025-06-15 18:42:48,680 | INFO     | pipeline | 
=== Кластеры ===
                                 precision    recall  f1-score   support

             Гуманитарные науки     0.6719    0.6825    0.6772        63
   Инженерное дело и технологии     0.6809    0.7442    0.7111        43
           Искусство и культура     0.6636    0.7087    0.6854       103
Математика и естественные науки     0.6471    0.4400    0.5238        25
            Медицина и здоровье     0.7206    0.7538    0.7368        65
       Образование и педагогика     0.7000    0.5957    0.6437        47
                 Общие интересы     0.6062    0.6178    0.6120       157
             Сельское хозяйство     0.7576    0.6757    0.7143        37
               Социальные науки     0.5556    0.5660    0.5607        53

                       accuracy                         0.6543       593
                      macro avg     0.6670    0.6427    0.6517       593
                   weighted avg     0.6552    0.6543    0.6531       593

2025-06-15 18:42:48,680 | INFO     | pipeline | Точность на кластерах: 0.6543
2025-06-15 18:42:48,680 | INFO     | pipeline | Проверка классификатора: logreg_default
2025-06-15 18:42:49,944 | INFO     | pipeline | 
=== Темы ===
                             precision    recall  f1-score   support

               авиастроение     1.0000    0.6667    0.8000         3
    альтернативная медицина     0.0000    0.0000    0.0000         3
                 археология     0.6000    1.0000    0.7500         3
            бизнес-страница     0.2558    0.3056    0.2785        36
        благотворительность     0.3333    0.3333    0.3333         3
       визуальное искусство     0.5714    0.5714    0.5714         7
     государственная служба     0.5000    0.5000    0.5000         6
                   живопись     0.5000    0.3333    0.4000         6
           животные и птицы     0.6250    0.5556    0.5882         9
                   здоровье     0.0000    0.0000    0.0000         3
                 знакомства     1.0000    0.3333    0.5000         3
             игры и геймдев     0.6667    0.6667    0.6667         6
         инженерные системы     0.1667    0.2000    0.1818         5
    искусственный интеллект     0.0000    0.0000    0.0000         2
                    история     0.5556    0.7143    0.6250         7
                     космос     0.0000    0.0000    0.0000         2
            кулинария и еда     0.4286    0.5294    0.4737        17
        культура и общество     0.0000    0.0000    0.0000        15
              культурология     0.0000    0.0000    0.0000         6
                  лайфстайл     0.0000    0.0000    0.0000        11
                лингвистика     0.6471    0.7857    0.7097        14
                 литература     0.7059    0.8000    0.7500        15
                   медицина     0.8333    0.9091    0.8696        11
         медицинские советы     1.0000    0.2500    0.4000         4
                       мемы     0.3333    0.3333    0.3333         6
      методика преподавания     0.2000    0.2000    0.2000         5
                   механика     1.0000    0.3333    0.5000         3
               мода и стиль     0.5882    0.5882    0.5882        17
                  мотивация     0.0000    0.0000    0.0000         4
                     музыка     0.7619    0.9412    0.8421        17
        народное творчество     0.4000    0.3333    0.3636         6
образовательная организация     0.3333    0.4545    0.3846        11
  образовательные платформы     0.0000    0.0000    0.0000         3
                    общение     0.3462    0.5000    0.4091        18
             окружающий мир     0.3333    0.2000    0.2500         5
               онлайн-курсы     1.0000    0.5000    0.6667         4
                  отношения     0.5000    0.4000    0.4444         5
            охота и рыбалка     0.8000    0.8000    0.8000         5
                 педагогика     0.3333    0.2500    0.2857         8
     подготовка к экзаменам     0.6000    0.8571    0.7059         7
             политика и СМИ     0.5000    0.3750    0.4286         8
           популярная наука     0.7500    0.5000    0.6000         6
        предпринимательство     0.2500    0.4286    0.3158         7
           программирование     0.7500    0.4286    0.5455         7
                 психология     0.5000    0.8750    0.6364         8
                путешествия     0.6842    0.5909    0.6341        22
    развлекательный контент     0.2500    0.1250    0.1667         8
                   растения     0.6000    0.8571    0.7059         7
             религиоведение     1.0000    0.6364    0.7778        11
              репетиторство     0.0000    0.0000    0.0000         3
              робототехника     0.6000    0.7500    0.6667         4
            самообразование     0.0000    0.0000    0.0000         3
             сельская жизнь     0.0000    0.0000    0.0000         2
                 социология     0.5000    0.2500    0.3333         8
                      спорт     0.5556    0.4545    0.5000        11
               театр и кино     0.5833    0.6364    0.6087        11
          тело и физиология     0.4286    0.6000    0.5000         5
             техника и авто     0.8333    0.9091    0.8696        11
                 технологии     0.5000    0.1667    0.2500         6
                 управление     0.3333    0.5000    0.4000         4
                урбанистика     0.1429    0.1111    0.1250         9
              уход за собой     0.5455    0.7500    0.6316         8
     фермерство и агрономия     0.6250    0.4167    0.5000        12
                  философия     0.2500    0.2857    0.2667         7
           фильмы и сериалы     0.6923    0.6923    0.6923        13
           фитнес и питание     0.3333    0.4167    0.3704        12
              фото и дизайн     0.4000    0.5455    0.4615        11
          хобби и увлечения     0.3333    0.3333    0.3333        21
             цитаты и мысли     0.5000    0.6667    0.5714         6
          школьные предметы     0.0000    0.0000    0.0000         3
                   экология     1.0000    0.5000    0.6667         2
                  экономика     0.0000    0.0000    0.0000         3
                электроника     0.6667    0.7500    0.7059         8
              юриспруденция     0.6667    0.8000    0.7273         5

                   accuracy                         0.4772       593
                  macro avg     0.4553    0.4256    0.4211       593
               weighted avg     0.4756    0.4772    0.4633       593

2025-06-15 18:42:49,958 | INFO     | pipeline | 
=== Кластеры ===
                                 precision    recall  f1-score   support

             Гуманитарные науки     0.7015    0.7460    0.7231        63
   Инженерное дело и технологии     0.7381    0.7209    0.7294        43
           Искусство и культура     0.6762    0.6893    0.6827       103
Математика и естественные науки     0.5714    0.3200    0.4103        25
            Медицина и здоровье     0.6944    0.7692    0.7299        65
       Образование и педагогика     0.6905    0.6170    0.6517        47
                 Общие интересы     0.5964    0.6306    0.6130       157
             Сельское хозяйство     0.7812    0.6757    0.7246        37
               Социальные науки     0.5660    0.5660    0.5660        53

                       accuracy                         0.6577       593
                      macro avg     0.6684    0.6372    0.6479       593
                   weighted avg     0.6577    0.6577    0.6553       593

2025-06-15 18:42:49,959 | INFO     | pipeline | Точность на кластерах: 0.6577
2025-06-15 18:42:49,959 | INFO     | pipeline | Проверка классификатора: random_forest
2025-06-15 18:44:38,656 | INFO     | pipeline | Оптимизация классификатора: 108.70 сек
2025-06-15 18:44:42,494 | INFO     | pipeline | 
=== Темы ===
                             precision    recall  f1-score   support

               авиастроение     0.0000    0.0000    0.0000         3
    альтернативная медицина     0.0000    0.0000    0.0000         3
                 археология     0.0000    0.0000    0.0000         3
            бизнес-страница     0.1308    0.7778    0.2240        36
        благотворительность     0.0000    0.0000    0.0000         3
       визуальное искусство     0.0000    0.0000    0.0000         7
     государственная служба     1.0000    0.3333    0.5000         6
                   живопись     0.0000    0.0000    0.0000         6
           животные и птицы     0.5000    0.1111    0.1818         9
                   здоровье     0.0000    0.0000    0.0000         3
                 знакомства     0.0000    0.0000    0.0000         3
             игры и геймдев     0.0000    0.0000    0.0000         6
         инженерные системы     0.0000    0.0000    0.0000         5
    искусственный интеллект     0.0000    0.0000    0.0000         2
                    история     1.0000    0.1429    0.2500         7
                     космос     0.0000    0.0000    0.0000         2
            кулинария и еда     0.3750    0.5294    0.4390        17
        культура и общество     0.0588    0.0667    0.0625        15
              культурология     0.0000    0.0000    0.0000         6
                  лайфстайл     0.5000    0.0909    0.1538        11
                лингвистика     0.3462    0.6429    0.4500        14
                 литература     0.3429    0.8000    0.4800        15
                   медицина     0.6000    0.5455    0.5714        11
         медицинские советы     0.0000    0.0000    0.0000         4
                       мемы     0.0000    0.0000    0.0000         6
      методика преподавания     0.0000    0.0000    0.0000         5
                   механика     0.0000    0.0000    0.0000         3
               мода и стиль     0.4375    0.4118    0.4242        17
                  мотивация     0.0000    0.0000    0.0000         4
                     музыка     0.4138    0.7059    0.5217        17
        народное творчество     0.0000    0.0000    0.0000         6
образовательная организация     0.2500    0.2727    0.2609        11
  образовательные платформы     0.0000    0.0000    0.0000         3
                    общение     0.2500    0.4444    0.3200        18
             окружающий мир     0.0000    0.0000    0.0000         5
               онлайн-курсы     0.0000    0.0000    0.0000         4
                  отношения     1.0000    0.4000    0.5714         5
            охота и рыбалка     1.0000    0.2000    0.3333         5
                 педагогика     0.0000    0.0000    0.0000         8
     подготовка к экзаменам     1.0000    0.7143    0.8333         7
             политика и СМИ     0.0000    0.0000    0.0000         8
           популярная наука     0.0000    0.0000    0.0000         6
        предпринимательство     0.0000    0.0000    0.0000         7
           программирование     1.0000    0.1429    0.2500         7
                 психология     0.2500    0.1250    0.1667         8
                путешествия     0.2407    0.5909    0.3421        22
    развлекательный контент     0.0000    0.0000    0.0000         8
                   растения     0.0000    0.0000    0.0000         7
             религиоведение     0.6667    0.5455    0.6000        11
              репетиторство     0.0000    0.0000    0.0000         3
              робототехника     0.0000    0.0000    0.0000         4
            самообразование     0.0000    0.0000    0.0000         3
             сельская жизнь     0.0000    0.0000    0.0000         2
                 социология     0.0000    0.0000    0.0000         8
                      спорт     0.0000    0.0000    0.0000        11
               театр и кино     0.3333    0.1818    0.2353        11
          тело и физиология     0.0000    0.0000    0.0000         5
             техника и авто     0.6667    0.1818    0.2857        11
                 технологии     0.0000    0.0000    0.0000         6
                 управление     0.0000    0.0000    0.0000         4
                урбанистика     0.0000    0.0000    0.0000         9
              уход за собой     0.0000    0.0000    0.0000         8
     фермерство и агрономия     0.7500    0.2500    0.3750        12
                  философия     1.0000    0.1429    0.2500         7
           фильмы и сериалы     0.5263    0.7692    0.6250        13
           фитнес и питание     0.6000    0.2500    0.3529        12
              фото и дизайн     0.6000    0.2727    0.3750        11
          хобби и увлечения     0.0526    0.0952    0.0678        21
             цитаты и мысли     0.0000    0.0000    0.0000         6
          школьные предметы     0.0000    0.0000    0.0000         3
                   экология     0.0000    0.0000    0.0000         2
                  экономика     0.0000    0.0000    0.0000         3
                электроника     0.5000    0.1250    0.2000         8
              юриспруденция     1.0000    0.4000    0.5714         5

                   accuracy                         0.2664       593
                  macro avg     0.2350    0.1522    0.1524       593
               weighted avg     0.2861    0.2664    0.2208       593

2025-06-15 18:44:42,503 | INFO     | pipeline | 
=== Кластеры ===
                                 precision    recall  f1-score   support

             Гуманитарные науки     0.4861    0.5556    0.5185        63
   Инженерное дело и технологии     0.7143    0.1163    0.2000        43
           Искусство и культура     0.5806    0.5243    0.5510       103
Математика и естественные науки     1.0000    0.0400    0.0769        25
            Медицина и здоровье     0.7619    0.2462    0.3721        65
       Образование и педагогика     0.5000    0.2128    0.2985        47
                 Общие интересы     0.3569    0.8344    0.5000       157
             Сельское хозяйство     0.8571    0.1622    0.2727        37
               Социальные науки     0.8000    0.0755    0.1379        53

                       accuracy                         0.4418       593
                      macro avg     0.6730    0.3075    0.3253       593
                   weighted avg     0.5891    0.4418    0.3947       593

2025-06-15 18:44:42,504 | INFO     | pipeline | Точность на кластерах: 0.4418
2025-06-15 18:44:42,504 | INFO     | pipeline | Проверка классификатора: svm_linear
2025-06-15 18:44:44,276 | INFO     | pipeline | 
=== Темы ===
                             precision    recall  f1-score   support

               авиастроение     0.6667    0.6667    0.6667         3
    альтернативная медицина     0.0000    0.0000    0.0000         3
                 археология     0.7500    1.0000    0.8571         3
            бизнес-страница     0.2885    0.4167    0.3409        36
        благотворительность     0.5000    0.3333    0.4000         3
       визуальное искусство     0.5000    0.5714    0.5333         7
     государственная служба     0.4286    0.5000    0.4615         6
                   живопись     0.7500    0.5000    0.6000         6
           животные и птицы     0.9000    1.0000    0.9474         9
                   здоровье     0.0000    0.0000    0.0000         3
                 знакомства     0.5000    0.3333    0.4000         3
             игры и геймдев     0.6250    0.8333    0.7143         6
         инженерные системы     0.2500    0.2000    0.2222         5
    искусственный интеллект     1.0000    0.5000    0.6667         2
                    история     0.7143    0.7143    0.7143         7
                     космос     0.0000    0.0000    0.0000         2
            кулинария и еда     0.4783    0.6471    0.5500        17
        культура и общество     0.2222    0.2667    0.2424        15
              культурология     0.2500    0.1667    0.2000         6
                  лайфстайл     0.0000    0.0000    0.0000        11
                лингвистика     0.6875    0.7857    0.7333        14
                 литература     0.6471    0.7333    0.6875        15
                   медицина     0.8333    0.9091    0.8696        11
         медицинские советы     0.5000    0.2500    0.3333         4
                       мемы     0.2500    0.3333    0.2857         6
      методика преподавания     0.2857    0.4000    0.3333         5
                   механика     1.0000    0.6667    0.8000         3
               мода и стиль     0.5789    0.6471    0.6111        17
                  мотивация     0.5000    0.2500    0.3333         4
                     музыка     0.7500    0.8824    0.8108        17
        народное творчество     1.0000    0.1667    0.2857         6
образовательная организация     0.3750    0.5455    0.4444        11
  образовательные платформы     0.0000    0.0000    0.0000         3
                    общение     0.4000    0.4444    0.4211        18
             окружающий мир     0.3333    0.2000    0.2500         5
               онлайн-курсы     1.0000    0.7500    0.8571         4
                  отношения     0.4000    0.4000    0.4000         5
            охота и рыбалка     1.0000    1.0000    1.0000         5
                 педагогика     0.1250    0.1250    0.1250         8
     подготовка к экзаменам     0.6250    0.7143    0.6667         7
             политика и СМИ     0.3333    0.2500    0.2857         8
           популярная наука     0.6000    0.5000    0.5455         6
        предпринимательство     0.2500    0.4286    0.3158         7
           программирование     1.0000    0.5714    0.7273         7
                 психология     0.4286    0.7500    0.5455         8
                путешествия     0.7391    0.7727    0.7556        22
    развлекательный контент     0.1250    0.1250    0.1250         8
                   растения     0.5556    0.7143    0.6250         7
             религиоведение     0.8750    0.6364    0.7368        11
              репетиторство     0.0000    0.0000    0.0000         3
              робототехника     0.7500    0.7500    0.7500         4
            самообразование     0.0000    0.0000    0.0000         3
             сельская жизнь     0.0000    0.0000    0.0000         2
                 социология     0.5000    0.1250    0.2000         8
                      спорт     0.6667    0.5455    0.6000        11
               театр и кино     0.6154    0.7273    0.6667        11
          тело и физиология     0.3333    0.4000    0.3636         5
             техника и авто     0.7500    0.8182    0.7826        11
                 технологии     0.0000    0.0000    0.0000         6
                 управление     0.1667    0.2500    0.2000         4
                урбанистика     0.2000    0.1111    0.1429         9
              уход за собой     0.5556    0.6250    0.5882         8
     фермерство и агрономия     0.4545    0.4167    0.4348        12
                  философия     0.2222    0.2857    0.2500         7
           фильмы и сериалы     0.6667    0.6154    0.6400        13
           фитнес и питание     0.3333    0.3333    0.3333        12
              фото и дизайн     0.4615    0.5455    0.5000        11
          хобби и увлечения     0.3333    0.2381    0.2778        21
             цитаты и мысли     0.4444    0.6667    0.5333         6
          школьные предметы     0.0000    0.0000    0.0000         3
                   экология     0.0000    0.0000    0.0000         2
                  экономика     0.0000    0.0000    0.0000         3
                электроника     0.8333    0.6250    0.7143         8
              юриспруденция     0.6000    0.6000    0.6000         5

                   accuracy                         0.4941       593
                  macro avg     0.4582    0.4362    0.4325       593
               weighted avg     0.4872    0.4941    0.4784       593

2025-06-15 18:44:44,285 | INFO     | pipeline | 
=== Кластеры ===
                                 precision    recall  f1-score   support

             Гуманитарные науки     0.7231    0.7460    0.7344        63
   Инженерное дело и технологии     0.7179    0.6512    0.6829        43
           Искусство и культура     0.6944    0.7282    0.7109       103
Математика и естественные науки     0.7333    0.4400    0.5500        25
            Медицина и здоровье     0.7077    0.7077    0.7077        65
       Образование и педагогика     0.6744    0.6170    0.6444        47
                 Общие интересы     0.6286    0.7006    0.6627       157
             Сельское хозяйство     0.7838    0.7838    0.7838        37
               Социальные науки     0.5870    0.5094    0.5455        53

                       accuracy                         0.6779       593
                      macro avg     0.6945    0.6538    0.6691       593
                   weighted avg     0.6792    0.6779    0.6760       593

2025-06-15 18:44:44,285 | INFO     | pipeline | Точность на кластерах: 0.6779
2025-06-15 18:44:44,285 | INFO     | pipeline | Проверка классификатора: svm_rbf
2025-06-15 18:44:46,807 | INFO     | pipeline | 
=== Темы ===
                             precision    recall  f1-score   support

               авиастроение     0.0000    0.0000    0.0000         3
    альтернативная медицина     0.0000    0.0000    0.0000         3
                 археология     0.0000    0.0000    0.0000         3
            бизнес-страница     0.2149    0.7222    0.3312        36
        благотворительность     1.0000    0.3333    0.5000         3
       визуальное искусство     0.5000    0.1429    0.2222         7
     государственная служба     0.5000    0.5000    0.5000         6
                   живопись     0.0000    0.0000    0.0000         6
           животные и птицы     0.7143    0.5556    0.6250         9
                   здоровье     0.0000    0.0000    0.0000         3
                 знакомства     0.0000    0.0000    0.0000         3
             игры и геймдев     0.6667    0.3333    0.4444         6
         инженерные системы     0.0000    0.0000    0.0000         5
    искусственный интеллект     0.0000    0.0000    0.0000         2
                    история     0.8333    0.7143    0.7692         7
                     космос     0.0000    0.0000    0.0000         2
            кулинария и еда     0.5238    0.6471    0.5789        17
        культура и общество     0.1562    0.3333    0.2128        15
              культурология     0.0000    0.0000    0.0000         6
                  лайфстайл     0.0000    0.0000    0.0000        11
                лингвистика     0.5455    0.8571    0.6667        14
                 литература     0.5417    0.8667    0.6667        15
                   медицина     0.8333    0.9091    0.8696        11
         медицинские советы     0.0000    0.0000    0.0000         4
                       мемы     0.7500    0.5000    0.6000         6
      методика преподавания     0.0000    0.0000    0.0000         5
                   механика     0.0000    0.0000    0.0000         3
               мода и стиль     0.6429    0.5294    0.5806        17
                  мотивация     0.0000    0.0000    0.0000         4
                     музыка     0.7500    0.8824    0.8108        17
        народное творчество     0.0000    0.0000    0.0000         6
образовательная организация     0.3750    0.8182    0.5143        11
  образовательные платформы     0.0000    0.0000    0.0000         3
                    общение     0.2927    0.6667    0.4068        18
             окружающий мир     0.0000    0.0000    0.0000         5
               онлайн-курсы     1.0000    0.2500    0.4000         4
                  отношения     0.5000    0.4000    0.4444         5
            охота и рыбалка     1.0000    0.8000    0.8889         5
                 педагогика     0.1429    0.1250    0.1333         8
     подготовка к экзаменам     0.8000    0.5714    0.6667         7
             политика и СМИ     0.3333    0.2500    0.2857         8
           популярная наука     0.0000    0.0000    0.0000         6
        предпринимательство     0.3333    0.1429    0.2000         7
           программирование     0.6667    0.2857    0.4000         7
                 психология     0.4615    0.7500    0.5714         8
                путешествия     0.7391    0.7727    0.7556        22
    развлекательный контент     0.2500    0.1250    0.1667         8
                   растения     1.0000    0.1429    0.2500         7
             религиоведение     0.7500    0.5455    0.6316        11
              репетиторство     0.0000    0.0000    0.0000         3
              робототехника     0.7500    0.7500    0.7500         4
            самообразование     0.0000    0.0000    0.0000         3
             сельская жизнь     0.0000    0.0000    0.0000         2
                 социология     0.0000    0.0000    0.0000         8
                      спорт     0.6364    0.6364    0.6364        11
               театр и кино     0.8000    0.7273    0.7619        11
          тело и физиология     1.0000    0.2000    0.3333         5
             техника и авто     0.7500    0.8182    0.7826        11
                 технологии     0.0000    0.0000    0.0000         6
                 управление     0.0000    0.0000    0.0000         4
                урбанистика     0.0000    0.0000    0.0000         9
              уход за собой     0.6000    0.3750    0.4615         8
     фермерство и агрономия     0.6000    0.5000    0.5455        12
                  философия     0.4000    0.2857    0.3333         7
           фильмы и сериалы     0.7500    0.6923    0.7200        13
           фитнес и питание     0.5455    0.5000    0.5217        12
              фото и дизайн     0.5625    0.8182    0.6667        11
          хобби и увлечения     0.2812    0.4286    0.3396        21
             цитаты и мысли     0.5000    0.3333    0.4000         6
          школьные предметы     0.0000    0.0000    0.0000         3
                   экология     0.0000    0.0000    0.0000         2
                  экономика     0.0000    0.0000    0.0000         3
                электроника     0.8000    0.5000    0.6154         8
              юриспруденция     0.6000    0.6000    0.6000         5

                   accuracy                         0.4570       593
                  macro avg     0.3702    0.3194    0.3184       593
               weighted avg     0.4384    0.4570    0.4168       593

2025-06-15 18:44:46,816 | INFO     | pipeline | 
=== Кластеры ===
                                 precision    recall  f1-score   support

             Гуманитарные науки     0.6615    0.6825    0.6719        63
   Инженерное дело и технологии     0.8333    0.4651    0.5970        43
           Искусство и культура     0.6887    0.7087    0.6986       103
Математика и естественные науки     0.5000    0.0800    0.1379        25
            Медицина и здоровье     0.7925    0.6462    0.7119        65
       Образование и педагогика     0.7027    0.5532    0.6190        47
                 Общие интересы     0.5000    0.8280    0.6235       157
             Сельское хозяйство     0.8636    0.5135    0.6441        37
               Социальные науки     0.7273    0.3019    0.4267        53

                       accuracy                         0.6256       593
                      macro avg     0.6966    0.5310    0.5701       593
                   weighted avg     0.6652    0.6256    0.6123       593

2025-06-15 18:44:46,816 | INFO     | pipeline | Точность на кластерах: 0.6256
2025-06-15 18:44:46,816 | INFO     | pipeline | Лучшая комбинация: модель = roberta_ru, классификатор = logreg_tuned, accuracy (кластеры) = 0.7015
2025-06-15 18:44:46,816 | INFO     | pipeline | Лучшие параметры классификатора: {'C': 0.010898530554267009}
2025-06-15 18:44:47,277 | INFO     | pipeline | Матрица ошибок кластеров сохранена
2025-06-15 18:44:47,281 | INFO     | pipeline | Полный пайплайн: 1456.08 сек
